H1,H2,H3,DD1,DD2,UD1,UD2,user_id
61,81,78.0,231.0,1240.1169642857142,170.0,1008.7459821428572,1
79,48,55.0,221.0,1528.0,142.0,1008.7459821428572,1
70,54,81.0,214.0,808.0,144.0,754.0,1
47,39,83.0,188.0,351.0,141.0,312.0,1
56,64,68.0,156.0,306.0,100.0,242.0,1
69,63,84.0,189.0,279.0,120.0,216.0,1
61,64,61.0,187.0,429.0,126.0,365.0,1
64,55,75.0,165.0,333.0,101.0,278.0,1
78,63,54.0,174.0,376.0,96.0,313.0,1
74,75,75.0,156.0,335.0,82.0,260.0,1
76,74,65.0,193.0,343.0,117.0,269.0,1
38,49,65.0,179.0,268.0,141.0,219.0,1
66,47,68.0,175.0,282.0,109.0,235.0,1
56,80,73.0,166.0,291.0,110.0,211.0,1
64,64,39.0,165.0,310.0,101.0,246.0,1
40,54,64.0,174.0,474.0,134.0,420.0,1
64,63,76.0,166.0,289.0,102.0,226.0,1
56,49,74.0,172.0,292.0,116.0,243.0,1
39,58,57.0,175.0,232.0,136.0,174.0,1
74,59,65.0,165.0,286.0,91.0,227.0,1
97,100,48.0,374.0,349.0,277.0,249.0,2
95,67,56.0,273.0,261.0,178.0,194.0,2
80,81,74.0,320.0,783.0,240.0,702.0,2
73,79,66.0,267.0,286.0,194.0,207.0,2
109,84,82.0,397.0,530.0,288.0,446.0,2
83,64,82.0,317.0,478.0,234.0,414.0,2
56,87,84.0,274.0,391.0,218.0,304.0,2
105,59,81.0,281.0,207.0,176.0,148.0,2
100,67,54.0,270.0,251.0,170.0,184.0,2
94,66,68.0,276.0,195.0,182.0,129.0,2
81,89,83.0,263.0,204.0,182.0,115.0,2
95,54,59.0,280.0,187.0,185.0,133.0,2
87,54,71.0,1046.3651785714287,206.0,816.4660714285715,152.0,2
86,72,54.0,264.0,241.0,178.0,169.0,2
51,48,59.0,256.0,212.0,205.0,164.0,2
62,51,55.0,280.0,214.0,218.0,163.0,2
85,61,61.0,257.0,223.0,172.0,162.0,2
83,65,84.0,256.0,221.0,173.0,156.0,2
112,55,71.0,297.0,208.0,185.0,153.0,2
87,60,69.0,258.0,215.0,171.0,155.0,2
89,75,57.0,265.0,285.0,176.0,210.0,3
91,91,56.0,233.0,267.0,142.0,176.0,3
72,94,74.0,112.0,236.0,40.0,142.0,3
72,74,57.0,132.0,201.0,60.0,127.0,3
72,74,72.0,149.0,201.0,77.0,127.0,3
73,76,89.0,132.0,201.0,59.0,125.0,3
90,80,73.0,110.0,223.0,20.0,143.0,3
72,58,58.0,183.0,183.0,111.0,125.0,3
71,78,91.0,128.0,187.0,57.0,109.0,3
56,77,91.0,95.0,187.0,39.0,110.0,3
90,74,74.0,383.0,200.0,293.0,126.0,3
91,73,76.0,150.0,197.0,59.0,124.0,3
72,69,72.0,169.0,181.0,97.0,112.0,3
89,61,91.0,128.0,187.0,39.0,126.0,3
94,45,72.0,110.0,172.0,16.0,127.0,3
72,59,90.0,113.0,187.0,41.0,128.0,3
72,55,91.0,133.0,183.0,61.0,128.0,3
70,63,57.0,110.0,189.0,40.0,126.0,3
57,78,105.0,96.0,172.0,39.0,94.0,3
90,79,74.0,109.0,190.0,19.0,111.0,3
70,80,82.0,368.0,195.0,298.0,115.0,4
95,105,78.0,416.0,199.0,321.0,94.0,4
66,100,90.0,232.0,175.0,166.0,75.0,4
85,67,83.0,384.0,166.0,299.0,99.0,4
88,85,73.0,512.0,196.0,424.0,111.0,4
89,98,55.0,334.0,216.0,245.0,118.0,4
75,66,86.0,287.0,265.0,212.0,199.0,4
85,89,87.0,265.0,164.0,180.0,75.0,4
69,74,83.0,208.0,138.0,139.0,64.0,4
80,90,83.0,244.0,186.0,164.0,96.0,4
99,95,99.0,236.0,183.0,137.0,88.0,4
92,95,91.0,241.0,174.0,149.0,79.0,4
92,100,92.0,235.0,189.0,143.0,89.0,4
88,102,91.0,248.0,205.0,160.0,103.0,4
112,97,100.0,811.0,185.0,699.0,88.0,4
97,87,96.0,282.0,181.0,185.0,94.0,4
92,113,115.0,285.0,181.0,193.0,68.0,4
101,91,100.0,275.0,193.0,174.0,102.0,4
86,104,93.0,279.0,200.0,193.0,96.0,4
98,86,69.0,307.0,208.0,209.0,122.0,4
110,104,124.0,700.0,1029.0,590.0,925.0,5
137,94,129.0,551.0,390.0,414.0,296.0,5
124,100,156.0,293.0,358.0,169.0,258.0,5
137,110,148.0,1033.0,1240.1169642857142,896.0,1008.7459821428572,5
129,118,137.0,351.0,405.0,222.0,287.0,5
140,122,144.0,351.0,401.0,211.0,279.0,5
119,129,149.0,366.0,471.0,247.0,342.0,5
139,137,113.0,308.0,507.0,169.0,370.0,5
154,113,130.0,473.0,374.0,319.0,261.0,5
121,95,110.0,401.0,1615.0,280.0,1008.7459821428572,5
123,103,148.0,383.0,357.0,260.0,254.0,5
128,101,137.0,434.0,580.0,306.0,479.0,5
146,96,135.0,474.0,1332.0,328.0,1236.0,5
119,98,128.0,304.0,677.0,185.0,579.0,5
156,118,113.0,309.0,499.0,153.0,381.0,5
120,93,154.0,344.0,288.0,224.0,195.0,5
110,117,139.0,286.0,335.0,176.0,218.0,5
139,116,136.0,271.0,386.0,132.0,270.0,5
114,116,129.0,348.0,393.0,234.0,277.0,5
178,87,107.0,615.0,445.0,437.0,358.0,5
88,83,109.0,312.0,260.0,224.0,177.0,6
78,77,123.0,318.0,241.0,240.0,164.0,6
81,82,93.0,248.0,164.0,167.0,82.0,6
82,96,97.0,320.0,308.0,238.0,212.0,6
73,98,86.0,195.0,212.0,122.0,114.0,6
85,79,81.0,250.0,262.0,165.0,183.0,6
77,75,76.0,218.0,147.0,141.0,72.0,6
98,98,102.0,200.0,183.0,102.0,85.0,6
58,77,86.0,225.0,198.0,167.0,121.0,6
80,107,80.0,571.0,274.0,491.0,167.0,6
96,86,62.0,199.0,281.0,103.0,195.0,6
73,96,58.0,140.0,207.0,67.0,111.0,6
107,90,58.0,179.0,178.0,72.0,88.0,6
72,91,85.0,194.0,225.0,122.0,134.0,6
75,103,85.0,176.0,366.0,101.0,263.0,6
85,112,76.0,154.0,213.0,69.0,101.0,6
90,63,90.0,200.0,179.0,110.0,116.0,6
81,108,89.0,223.0,241.0,142.0,133.0,6
89,95,96.0,219.0,228.0,130.0,133.0,6
103,87,85.0,209.0,198.0,106.0,111.0,6
71,147,71.0,339.0,1377.0,268.0,1230.0,7
125,117,107.0,345.0,485.0,220.0,368.0,7
126,94,98.0,1017.0,476.0,891.0,382.0,7
104,95,111.0,316.0,318.0,212.0,223.0,7
71,130,73.0,527.0,738.0,456.0,608.0,7
102,122,98.0,694.0,593.0,592.0,471.0,7
61,98,122.0,146.0,316.0,85.0,218.0,7
72,90,98.0,256.0,332.0,184.0,242.0,7
46,57,62.0,484.0,302.0,438.0,245.0,7
89,82,100.0,461.0,250.0,372.0,168.0,7
79,137,105.0,762.0,281.0,683.0,144.0,7
73,96,101.0,177.0,346.0,104.0,250.0,7
72,56,81.0,346.0,308.0,274.0,252.0,7
73,114,96.0,259.0,309.0,186.0,195.0,7
63,91,81.0,189.0,267.0,126.0,176.0,7
93,89,101.0,180.0,271.0,87.0,182.0,7
69,116,105.0,867.0,349.0,798.0,233.0,7
71,102,108.0,681.0,295.0,610.0,193.0,7
92,52,73.0,844.0,797.0,752.0,745.0,7
78,108,101.0,194.0,877.0,116.0,769.0,7
107,86,86.0,276.0,932.0,169.0,846.0,8
93,74,104.0,209.0,775.0,116.0,701.0,8
76,53,90.0,160.0,213.0,84.0,160.0,8
73,83,101.0,164.0,331.0,91.0,248.0,8
82,62,64.0,124.0,433.0,42.0,371.0,8
71,78,75.0,213.0,869.0,142.0,791.0,8
67,81,76.0,401.0,736.0,334.0,655.0,8
61,81,76.0,206.0,318.0,145.0,237.0,8
74,68,79.0,217.0,399.0,143.0,331.0,8
104,94,122.0,364.0,559.0,260.0,465.0,8
74,77,91.0,434.0,686.0,360.0,609.0,8
64,84,141.0,328.0,623.0,264.0,539.0,8
84,81,83.0,202.0,300.0,118.0,219.0,8
95,79,104.0,184.0,258.0,89.0,179.0,8
68,82,112.0,254.0,209.0,186.0,127.0,8
130,85,89.0,200.0,726.0,70.0,641.0,8
84,80,104.0,201.0,933.0,117.0,853.0,8
104,84,80.0,166.0,317.0,62.0,233.0,8
110,94,105.0,174.0,262.0,64.0,168.0,8
80,81,77.0,240.0,499.0,160.0,418.0,8
60,72,89.0,245.0,133.0,185.0,61.0,9
62,79,63.0,315.0,141.0,253.0,62.0,9
70,79,80.0,223.0,150.0,153.0,71.0,9
54,76,63.0,201.0,172.0,147.0,96.0,9
90,96,72.0,225.0,191.0,135.0,95.0,9
71,80,97.0,206.0,367.0,135.0,287.0,9
87,78,86.0,199.0,151.0,112.0,73.0,9
77,88,89.0,255.0,157.0,178.0,69.0,9
95,146,116.0,684.0,155.0,589.0,9.0,9
122,166,123.0,681.0,326.0,559.0,160.0,9
88,123,115.0,524.0,208.0,436.0,85.0,9
96,78,81.0,726.0,105.0,630.0,27.0,9
79,62,63.0,258.0,190.0,179.0,128.0,9
97,117,75.0,709.0,148.0,612.0,31.0,9
77,119,149.0,568.0,279.0,491.0,160.0,9
96,80,55.0,659.0,132.0,563.0,52.0,9
88,125,109.0,598.0,149.0,510.0,24.0,9
79,146,89.0,809.0,280.0,730.0,134.0,9
29,72,47.0,355.0,108.0,326.0,36.0,9
60,88,80.0,555.0,115.0,495.0,27.0,9
85,73,92.0,1003.0,968.0,918.0,895.0,10
102,69,121.0,707.0,638.0,605.0,569.0,10
108,97,128.0,919.0,1361.0,811.0,1264.0,10
101,81,100.0,417.0,672.0,316.0,591.0,10
98,92,118.0,922.0,966.0,824.0,874.0,10
87,89,123.0,565.0,689.0,478.0,600.0,10
69,54,72.0,299.0,371.0,230.0,317.0,10
72,93,81.0,276.0,355.0,204.0,262.0,10
71,91,83.0,310.0,424.0,239.0,333.0,10
110,81,98.0,793.0,968.0,683.0,887.0,10
70,75,99.0,318.0,386.0,248.0,311.0,10
61,101,91.0,293.0,367.0,232.0,266.0,10
72,105,103.0,273.0,369.0,201.0,264.0,10
79,74,81.0,309.0,384.0,230.0,310.0,10
81,72,82.0,347.0,337.0,266.0,265.0,10
72,65,92.0,336.0,390.0,264.0,325.0,10
71,63,92.0,292.0,354.0,221.0,291.0,10
70,63,70.0,301.0,323.0,231.0,260.0,10
60,65,79.0,315.0,345.0,255.0,280.0,10
72,83,72.0,272.0,358.0,200.0,275.0,10
53,55,70.0,136.0,1578.0,83.0,1008.7459821428572,11
81,64,72.0,180.0,453.0,99.0,389.0,11
63,65,63.0,137.0,504.0,74.0,439.0,11
97,45,64.0,182.0,327.0,85.0,282.0,11
70,54,78.0,121.0,756.0,51.0,702.0,11
38,79,72.0,270.0,311.0,232.0,232.0,11
69,80,64.0,819.0,561.0,750.0,481.0,11
18,47,80.0,764.0,379.0,746.0,332.0,11
105,80,96.0,493.0,396.0,388.0,316.0,11
70,63,72.0,617.0,511.0,547.0,448.0,11
76,56,63.0,325.0,297.0,249.0,241.0,11
68,73,63.0,316.0,339.0,248.0,266.0,11
72,74,62.0,295.0,297.0,223.0,223.0,11
112,71,78.0,252.0,1615.0,140.0,1008.7459821428572,11
71,63,76.0,337.0,297.0,266.0,234.0,11
79,64,55.0,344.0,329.0,265.0,265.0,11
71,80,64.0,154.0,354.0,83.0,274.0,11
78,80,72.0,195.0,312.0,117.0,232.0,11
77,72,87.0,210.0,504.0,133.0,432.0,11
94,80,78.0,187.0,346.0,93.0,266.0,11
110,111,103.0,368.0,586.0,258.0,475.0,12
87,104,89.0,215.0,695.0,128.0,591.0,12
94,88,105.0,236.0,276.0,142.0,188.0,12
92,95,86.0,226.0,334.0,134.0,239.0,12
115,75,84.0,250.0,232.0,135.0,157.0,12
67,86,97.0,186.0,247.0,119.0,161.0,12
84,93,95.0,197.0,221.0,113.0,128.0,12
73,74,69.0,204.0,263.0,131.0,189.0,12
75,85,95.0,203.0,233.0,128.0,148.0,12
86,96,89.0,188.0,221.0,102.0,125.0,12
65,95,85.0,212.0,231.0,147.0,136.0,12
75,84,96.0,186.0,222.0,111.0,138.0,12
82,89,101.0,187.0,267.0,105.0,178.0,12
89,90,94.0,181.0,225.0,92.0,135.0,12
79,76,85.0,189.0,223.0,110.0,147.0,12
70,76,87.0,175.0,194.0,105.0,118.0,12
80,80,78.0,182.0,197.0,102.0,117.0,12
63,78,84.0,172.0,199.0,109.0,121.0,12
72,89,80.0,163.0,198.0,91.0,109.0,12
70,91,85.0,186.0,211.0,116.0,120.0,12
72,107,51.0,683.0,626.0,611.0,519.0,13
55,71,108.0,1165.0,1121.0,816.4660714285715,1050.0,13
77,81,90.0,830.0,658.0,753.0,577.0,13
51,47,59.0,173.0,307.0,122.0,260.0,13
82,64,65.0,951.0,659.0,869.0,595.0,13
91,81,82.0,464.0,494.0,373.0,413.0,13
59,67,87.0,438.0,337.0,379.0,270.0,13
59,82,41.0,439.0,312.0,380.0,230.0,13
53,39,69.0,427.0,399.0,374.0,360.0,13
86,74,63.0,401.0,283.0,315.0,209.0,13
62,85,101.0,340.0,439.0,278.0,354.0,13
62,95,72.0,382.0,312.0,320.0,217.0,13
81,74,49.0,229.0,247.0,148.0,173.0,13
87,83,40.0,260.0,272.0,173.0,189.0,13
68,60,47.0,264.0,259.0,196.0,199.0,13
82,101,117.0,239.0,171.0,157.0,70.0,13
91,65,48.0,496.0,279.0,405.0,214.0,13
47,65,86.0,445.0,320.0,398.0,255.0,13
54,72,47.0,396.0,1240.1169642857142,342.0,1008.7459821428572,13
42,83,101.0,289.0,238.0,247.0,155.0,13
42,202,82.0,190.0,1225.0,148.0,1023.0,14
55,65,62.0,129.0,252.0,74.0,187.0,14
73,74,39.0,143.0,322.0,70.0,248.0,14
57,67,56.0,138.0,351.0,81.0,284.0,14
39,58,58.0,134.0,429.0,95.0,371.0,14
48,57,73.0,102.0,262.0,54.0,205.0,14
56,57,81.0,119.0,238.0,63.0,181.0,14
49,74,48.0,98.0,266.0,49.0,192.0,14
56,57,81.0,118.0,229.0,62.0,172.0,14
63,66,65.0,102.0,460.0,39.0,394.0,14
64,73,66.0,127.0,285.0,63.0,212.0,14
56,57,73.0,110.0,311.0,54.0,254.0,14
65,73,64.0,127.0,654.0,62.0,581.0,14
57,90,73.0,104.0,909.0,47.0,819.0,14
55,66,48.0,134.0,712.0,79.0,646.0,14
65,65,73.0,119.0,270.0,54.0,205.0,14
65,74,65.0,127.0,278.0,62.0,204.0,14
70,65,65.0,108.0,311.0,38.0,246.0,14
49,40,55.0,122.0,730.0,73.0,690.0,14
46,74,81.0,118.0,306.0,72.0,232.0,14
106,118,80.0,157.0,462.0,51.0,344.0,15
102,88,100.0,162.0,1171.0,60.0,1083.0,15
64,80,93.0,138.0,402.0,74.0,322.0,15
96,73,79.0,133.0,491.0,37.0,418.0,15
109,89,94.0,161.0,549.0,52.0,460.0,15
109,73,87.0,183.0,476.0,74.0,403.0,15
104,92,80.0,143.0,400.0,39.0,308.0,15
120,94,87.0,150.0,438.0,30.0,344.0,15
95,95,87.0,104.0,359.0,9.0,264.0,15
103,85,86.0,128.0,401.0,25.0,316.0,15
88,79,87.0,129.0,459.0,41.0,380.0,15
88,75,79.0,104.0,1153.0,16.0,1078.0,15
104,102,95.0,128.0,460.0,24.0,358.0,15
95,74,86.0,133.0,433.0,38.0,359.0,15
105,93,86.0,129.0,636.0,24.0,543.0,15
103,94,87.0,127.0,621.0,24.0,527.0,15
120,91,87.0,138.0,391.0,18.0,300.0,15
88,93,80.0,157.0,1043.0,69.0,950.0,15
87,87,89.0,104.0,343.0,17.0,256.0,15
87,87,80.0,112.0,395.0,25.0,308.0,15
128,102,62.0,273.0,1176.0,145.0,1074.0,16
60,82,100.0,294.0,358.0,234.0,276.0,16
98,122,124.0,285.0,265.0,187.0,143.0,16
116,103,113.0,261.0,300.0,145.0,197.0,16
142,115,126.0,698.0,418.0,556.0,303.0,16
126,152,178.0,348.0,358.0,222.0,206.0,16
113,114,138.0,247.0,303.0,134.0,189.0,16
138,136,125.0,276.0,306.0,138.0,170.0,16
99,90,162.0,269.0,268.0,170.0,178.0,16
133,127,109.0,446.0,461.0,313.0,334.0,16
64,106,95.0,181.0,183.0,117.0,77.0,16
82,83,85.0,191.0,153.0,109.0,70.0,16
84,67,93.0,192.0,194.0,108.0,127.0,16
84,67,95.0,210.0,144.0,126.0,77.0,16
90,84,77.0,225.0,182.0,135.0,98.0,16
69,91,94.0,208.0,150.0,139.0,59.0,16
79,111,94.0,267.0,197.0,188.0,86.0,16
125,82,92.0,262.0,155.0,137.0,73.0,16
104,98,84.0,201.0,222.0,97.0,124.0,16
10,105,76.0,115.0,211.0,105.0,106.0,16
61,40,27.0,415.0,1532.0,354.0,1008.7459821428572,17
59,81,40.0,317.0,534.0,258.0,453.0,17
48,48,40.0,329.0,535.0,281.0,487.0,17
55,56,76.0,369.0,713.0,314.0,657.0,17
54,64,56.0,279.0,654.0,225.0,590.0,17
82,43,48.0,757.0,439.0,675.0,396.0,17
71,72,31.0,321.0,289.0,250.0,217.0,17
56,65,46.0,297.0,471.0,241.0,406.0,17
85,64,65.0,383.0,305.0,298.0,241.0,17
85,56,81.0,539.0,298.0,454.0,242.0,17
83,72,64.0,373.0,315.0,290.0,243.0,17
64,77,48.0,984.0,449.0,920.0,372.0,17
72,53,64.0,711.0,425.0,639.0,372.0,17
81,65,48.0,469.0,395.0,388.0,330.0,17
87,57,64.0,402.0,495.0,315.0,438.0,17
56,57,68.0,411.0,761.0,355.0,704.0,17
71,66,64.0,351.0,309.0,280.0,243.0,17
72,65,90.0,386.0,267.0,314.0,202.0,17
60,120,73.0,230.0,336.0,170.0,216.0,17
73,80,71.0,256.0,266.0,183.0,186.0,17
57,94,76.0,293.0,373.0,236.0,279.0,18
113,101,88.0,417.0,427.0,304.0,326.0,18
75,82,84.0,366.0,290.0,291.0,208.0,18
94,85,114.0,419.0,304.0,325.0,219.0,18
95,106,92.0,320.0,283.0,225.0,177.0,18
92,101,100.0,427.0,263.0,335.0,162.0,18
113,112,92.0,306.0,354.0,193.0,242.0,18
129,139,139.0,328.0,330.0,199.0,191.0,18
108,119,120.0,248.0,296.0,140.0,177.0,18
100,107,119.0,323.0,335.0,223.0,228.0,18
97,113,122.0,346.0,351.0,249.0,238.0,18
95,112,119.0,366.0,329.0,271.0,217.0,18
107,114,109.0,312.0,297.0,205.0,183.0,18
106,130,110.0,323.0,322.0,217.0,192.0,18
120,98,108.0,359.0,346.0,239.0,248.0,18
90,122,71.0,263.0,310.0,173.0,188.0,18
106,119,88.0,264.0,328.0,158.0,209.0,18
121,138,98.0,330.0,384.0,209.0,246.0,18
106,116,119.0,307.0,277.0,201.0,161.0,18
145,132,112.0,339.0,315.0,194.0,183.0,18
57,59,55.0,784.0,257.0,727.0,198.0,19
84,61,55.0,207.0,259.0,123.0,198.0,19
103,60,74.0,306.0,346.0,203.0,286.0,19
80,79,60.0,214.0,275.0,134.0,196.0,19
75,65,55.0,198.0,249.0,123.0,184.0,19
83,58,56.0,216.0,256.0,133.0,198.0,19
70,94,43.0,649.0,302.0,579.0,208.0,19
87,63,56.0,286.0,281.0,199.0,218.0,19
81,62,64.0,354.0,258.0,273.0,196.0,19
113,66,55.0,282.0,272.0,169.0,206.0,19
91,53,52.0,308.0,276.0,217.0,223.0,19
98,50,57.0,382.0,279.0,284.0,229.0,19
73,53,54.0,339.0,251.0,266.0,198.0,19
88,60,52.0,262.0,249.0,174.0,189.0,19
73,67,52.0,248.0,266.0,175.0,199.0,19
106,61,55.0,354.0,282.0,248.0,221.0,19
53,69,60.0,235.0,261.0,182.0,192.0,19
69,55,48.0,315.0,265.0,246.0,210.0,19
87,48,52.0,274.0,264.0,187.0,216.0,19
61,50,53.0,236.0,257.0,175.0,207.0,19
61,62,40.0,1046.3651785714287,1240.1169642857142,816.4660714285715,1008.7459821428572,20
83,98,108.0,210.0,1221.0,127.0,1123.0,20
98,80,51.0,275.0,374.0,177.0,294.0,20
90,69,72.0,152.0,1546.0,62.0,1008.7459821428572,20
88,109,89.0,130.0,355.0,42.0,246.0,20
81,82,48.0,123.0,553.0,42.0,471.0,20
73,74,30.0,201.0,520.0,128.0,446.0,20
88,82,65.0,198.0,537.0,110.0,455.0,20
88,91,64.0,148.0,253.0,60.0,162.0,20
66,57,72.0,159.0,387.0,93.0,330.0,20
56,108,66.0,114.0,284.0,58.0,176.0,20
88,98,73.0,156.0,703.0,68.0,605.0,20
79,105,47.0,173.0,587.0,94.0,482.0,20
82,72,71.0,152.0,385.0,70.0,313.0,20
79,74,65.0,416.0,837.0,337.0,763.0,20
64,57,90.0,216.0,259.0,152.0,202.0,20
99,66,68.0,114.0,620.0,15.0,554.0,20
83,69,78.0,132.0,565.0,49.0,496.0,20
73,55,66.0,144.0,601.0,71.0,546.0,20
72,64,49.0,151.0,652.0,79.0,588.0,20
70,112,101.0,721.0,648.0,651.0,536.0,21
141,88,68.0,1109.0,718.0,968.0,630.0,21
109,91,108.0,1317.0,641.0,816.4660714285715,550.0,21
99,105,77.0,604.0,712.0,505.0,607.0,21
120,89,58.0,473.0,1005.0,353.0,916.0,21
107,99,87.0,830.0,1048.0,723.0,949.0,21
111,85,69.0,538.0,417.0,427.0,332.0,21
98,90,81.0,576.0,501.0,478.0,411.0,21
130,90,69.0,380.0,389.0,250.0,299.0,21
120,110,38.0,964.0,555.0,844.0,445.0,21
119,78,78.0,544.0,1087.0,425.0,1009.0,21
100,69,59.0,1183.0,452.0,1083.0,383.0,21
120,70,58.0,393.0,430.0,273.0,360.0,21
113,58,50.0,402.0,371.0,289.0,313.0,21
110,58,80.0,452.0,339.0,342.0,281.0,21
120,88,46.0,402.0,394.0,282.0,306.0,21
106,78,81.0,718.0,376.0,612.0,298.0,21
130,79,68.0,739.0,362.0,609.0,283.0,21
111,71,81.0,433.0,305.0,322.0,234.0,21
103,71,92.0,543.0,360.0,440.0,289.0,21
106,85,91.0,222.0,444.0,116.0,359.0,22
67,64,81.0,233.0,1463.0,166.0,1008.7459821428572,22
62,56,78.0,237.0,1336.0,175.0,1280.0,22
82,64,110.0,220.0,508.0,138.0,444.0,22
91,93,106.0,209.0,1111.0,118.0,1018.0,22
54,56,82.0,201.0,315.0,147.0,259.0,22
72,93,73.0,183.0,488.0,111.0,395.0,22
61,72,83.0,208.0,468.0,147.0,396.0,22
59,65,89.0,244.0,1030.0,185.0,965.0,22
33,42,85.0,210.0,322.0,177.0,280.0,22
87,82,84.0,199.0,286.0,112.0,204.0,22
65,86,74.0,192.0,269.0,127.0,183.0,22
87,93,96.0,196.0,402.0,109.0,309.0,22
74,84,93.0,209.0,421.0,135.0,337.0,22
84,104,84.0,181.0,662.0,97.0,558.0,22
93,71,98.0,213.0,363.0,120.0,292.0,22
56,56,52.0,201.0,370.0,145.0,314.0,22
45,8,53.0,200.0,293.0,155.0,285.0,22
84,82,96.0,203.0,344.0,119.0,262.0,22
82,74,92.0,194.0,660.0,112.0,586.0,22
72,73,76.0,459.0,644.0,387.0,571.0,23
82,82,56.0,319.0,184.0,237.0,102.0,23
58,62,45.0,270.0,143.0,212.0,81.0,23
65,98,50.0,143.0,485.0,78.0,387.0,23
75,65,67.0,245.0,451.0,170.0,386.0,23
84,92,92.0,236.0,228.0,152.0,136.0,23
66,73,56.0,219.0,134.0,153.0,61.0,23
60,69,57.0,232.0,146.0,172.0,77.0,23
78,79,80.0,258.0,510.0,180.0,431.0,23
80,82,47.0,259.0,361.0,179.0,279.0,23
48,41,74.0,458.0,194.0,410.0,153.0,23
71,67,68.0,283.0,149.0,212.0,82.0,23
66,82,73.0,251.0,178.0,185.0,96.0,23
65,91,74.0,293.0,292.0,228.0,201.0,23
76,55,56.0,329.0,493.0,253.0,438.0,23
57,75,73.0,261.0,210.0,204.0,135.0,23
90,82,66.0,234.0,193.0,144.0,111.0,23
64,74,73.0,240.0,469.0,176.0,395.0,23
91,78,71.0,322.0,623.0,231.0,545.0,23
64,69,66.0,246.0,247.0,182.0,178.0,23
72,89,74.0,306.0,241.0,234.0,152.0,24
80,72,88.0,200.0,175.0,120.0,103.0,24
63,70,63.0,200.0,190.0,137.0,120.0,24
81,72,72.0,208.0,183.0,127.0,111.0,24
64,79,70.0,201.0,200.0,137.0,121.0,24
72,79,72.0,225.0,199.0,153.0,120.0,24
63,84,79.0,241.0,201.0,178.0,117.0,24
64,71,71.0,217.0,199.0,153.0,128.0,24
64,88,71.0,201.0,233.0,137.0,145.0,24
73,79,89.0,218.0,191.0,145.0,112.0,24
80,72,71.0,233.0,200.0,153.0,128.0,24
87,54,64.0,232.0,174.0,145.0,120.0,24
81,79,63.0,242.0,233.0,161.0,154.0,24
55,64,71.0,199.0,192.0,144.0,128.0,24
80,64,47.0,226.0,190.0,146.0,126.0,24
73,65,73.0,250.0,199.0,177.0,134.0,24
79,50,72.0,256.0,209.0,177.0,159.0,24
81,97,79.0,217.0,217.0,136.0,120.0,24
73,63,63.0,233.0,200.0,160.0,137.0,24
79,72,64.0,225.0,224.0,146.0,152.0,24
132,94,87.0,495.0,746.0,363.0,652.0,25
82,64,56.0,521.0,779.0,439.0,715.0,25
66,67,48.0,569.0,1240.1169642857142,503.0,1008.7459821428572,25
85,51,72.0,998.0,799.0,913.0,748.0,25
70,72,50.0,401.0,749.0,331.0,677.0,25
62,74,67.0,391.0,1093.0,329.0,1019.0,25
58,49,25.0,360.0,995.0,302.0,946.0,25
58,63,27.0,346.0,550.0,288.0,487.0,25
40,58,60.0,401.0,584.0,361.0,526.0,25
51,69,59.0,350.0,495.0,299.0,426.0,25
72,78,33.0,338.0,857.0,266.0,779.0,25
81,77,57.0,397.0,597.0,316.0,520.0,25
59,98,53.0,320.0,480.0,261.0,382.0,25
64,84,69.0,331.0,443.0,267.0,359.0,25
39,62,52.0,347.0,446.0,308.0,384.0,25
66,62,51.0,356.0,488.0,290.0,426.0,25
58,73,63.0,320.0,370.0,262.0,297.0,25
66,63,43.0,330.0,575.0,264.0,512.0,25
52,77,50.0,244.0,588.0,192.0,511.0,25
46,60,76.0,255.0,353.0,209.0,293.0,25
37,50,57.0,344.0,519.0,307.0,469.0,26
55,61,22.0,228.0,223.0,173.0,162.0,26
69,45,46.0,218.0,182.0,149.0,137.0,26
76,58,62.0,218.0,196.0,142.0,138.0,26
53,63,55.0,199.0,191.0,146.0,128.0,26
56,50,71.0,208.0,208.0,152.0,158.0,26
68,78,52.0,181.0,202.0,113.0,124.0,26
59,60,60.0,215.0,202.0,156.0,142.0,26
69,54,41.0,235.0,204.0,166.0,150.0,26
69,77,69.0,193.0,200.0,124.0,123.0,26
76,86,50.0,182.0,203.0,106.0,117.0,26
59,65,53.0,173.0,192.0,114.0,127.0,26
55,66,54.0,175.0,169.0,120.0,103.0,26
57,52,63.0,173.0,164.0,116.0,112.0,26
72,79,62.0,184.0,194.0,112.0,115.0,26
56,72,62.0,172.0,179.0,116.0,107.0,26
36,77,73.0,151.0,181.0,115.0,104.0,26
67,69,59.0,183.0,204.0,116.0,135.0,26
62,78,79.0,177.0,195.0,115.0,117.0,26
62,71,113.0,161.0,188.0,99.0,117.0,26
83,105,84.0,563.0,467.0,480.0,362.0,27
88,90,86.0,389.0,268.0,301.0,178.0,27
65,98,72.0,441.0,267.0,376.0,169.0,27
68,87,106.0,312.0,266.0,244.0,179.0,27
94,96,87.0,282.0,266.0,188.0,170.0,27
85,70,89.0,282.0,241.0,197.0,171.0,27
74,87,88.0,254.0,250.0,180.0,163.0,27
97,104,96.0,290.0,236.0,193.0,132.0,27
95,98,96.0,265.0,241.0,170.0,143.0,27
87,71,110.0,311.0,322.0,224.0,251.0,27
106,100,77.0,317.0,294.0,211.0,194.0,27
95,88,93.0,299.0,255.0,204.0,167.0,27
89,70,87.0,359.0,250.0,270.0,180.0,27
84,90,79.0,305.0,266.0,221.0,176.0,27
89,89,90.0,301.0,231.0,212.0,142.0,27
79,96,90.0,309.0,258.0,230.0,162.0,27
96,99,53.0,290.0,736.0,194.0,637.0,27
94,81,84.0,324.0,268.0,230.0,187.0,27
103,122,89.0,365.0,289.0,262.0,167.0,27
97,107,86.0,393.0,258.0,296.0,151.0,27
98,78,105.0,109.0,781.0,11.0,703.0,28
60,89,105.0,119.0,194.0,59.0,105.0,28
60,82,114.0,163.0,370.0,103.0,288.0,28
75,73,105.0,152.0,142.0,77.0,69.0,28
68,82,87.0,152.0,285.0,84.0,203.0,28
60,90,90.0,120.0,176.0,60.0,86.0,28
84,73,98.0,107.0,194.0,23.0,121.0,28
76,107,79.0,277.0,420.0,201.0,313.0,28
71,71,117.0,243.0,156.0,172.0,85.0,28
69,107,110.0,226.0,148.0,157.0,41.0,28
58,78,98.0,243.0,129.0,185.0,51.0,28
76,90,106.0,259.0,106.0,183.0,16.0,28
61,72,115.0,252.0,149.0,191.0,77.0,28
75,90,115.0,258.0,184.0,183.0,94.0,28
86,88,115.0,261.0,192.0,175.0,104.0,28
103,107,87.0,320.0,588.0,217.0,481.0,28
60,71,70.0,235.0,428.0,175.0,357.0,28
70,104,107.0,246.0,295.0,176.0,191.0,28
47,80,87.0,221.0,195.0,174.0,115.0,28
67,90,100.0,224.0,165.0,157.0,75.0,28
53,87,80.0,333.0,509.0,280.0,422.0,29
75,56,67.0,281.0,1099.0,206.0,1043.0,29
88,61,79.0,469.0,878.0,381.0,817.0,29
61,86,96.0,310.0,427.0,249.0,341.0,29
78,87,75.0,294.0,502.0,216.0,415.0,29
84,98,96.0,217.0,363.0,133.0,265.0,29
74,94,87.0,242.0,624.0,168.0,530.0,29
71,87,71.0,329.0,303.0,258.0,216.0,29
88,79,70.0,197.0,304.0,109.0,225.0,29
87,80,89.0,196.0,236.0,109.0,156.0,29
77,86,84.0,197.0,248.0,120.0,162.0,29
76,95,81.0,309.0,278.0,233.0,183.0,29
84,71,80.0,203.0,221.0,119.0,150.0,29
60,71,61.0,194.0,403.0,134.0,332.0,29
68,88,79.0,168.0,610.0,100.0,522.0,29
87,73,87.0,207.0,985.0,120.0,912.0,29
75,83,91.0,200.0,527.0,125.0,444.0,29
71,97,67.0,172.0,293.0,101.0,196.0,29
76,68,87.0,304.0,564.0,228.0,496.0,29
79,88,81.0,284.0,661.0,205.0,573.0,29
99,105,94.0,602.0,540.0,503.0,435.0,30
73,84,66.0,757.0,462.0,684.0,378.0,30
76,113,78.0,450.0,422.0,374.0,309.0,30
63,80,70.0,516.0,389.0,453.0,309.0,30
68,74,69.0,490.0,318.0,422.0,244.0,30
70,66,66.0,638.0,339.0,568.0,273.0,30
72,71,69.0,462.0,457.0,390.0,386.0,30
74,74,63.0,518.0,539.0,444.0,465.0,30
80,82,65.0,500.0,512.0,420.0,430.0,30
65,83,76.0,459.0,403.0,394.0,320.0,30
71,80,63.0,477.0,314.0,406.0,234.0,30
73,84,69.0,451.0,344.0,378.0,260.0,30
61,78,63.0,462.0,357.0,401.0,279.0,30
64,82,69.0,419.0,318.0,355.0,236.0,30
68,84,69.0,486.0,345.0,418.0,261.0,30
65,80,65.0,446.0,287.0,381.0,207.0,30
62,64,63.0,632.0,291.0,570.0,227.0,30
74,91,66.0,709.0,321.0,635.0,230.0,30
67,84,76.0,676.0,303.0,609.0,219.0,30
81,85,83.0,359.0,290.0,278.0,205.0,30
81,133,114.0,973.0,497.0,892.0,364.0,31
129,128,119.0,1274.0,468.0,816.4660714285715,340.0,31
102,145,117.0,351.0,526.0,249.0,381.0,31
120,114,95.0,289.0,700.0,169.0,586.0,31
103,116,83.0,352.0,376.0,249.0,260.0,31
120,110,111.0,300.0,439.0,180.0,329.0,31
90,110,104.0,282.0,235.0,192.0,125.0,31
94,131,116.0,391.0,502.0,297.0,371.0,31
91,107,105.0,256.0,463.0,165.0,356.0,31
107,146,122.0,343.0,341.0,236.0,195.0,31
98,108,102.0,343.0,394.0,245.0,286.0,31
111,117,109.0,300.0,286.0,189.0,169.0,31
97,102,128.0,306.0,398.0,209.0,296.0,31
85,114,121.0,217.0,202.0,132.0,88.0,31
100,135,103.0,273.0,225.0,173.0,90.0,31
102,113,106.0,218.0,221.0,116.0,108.0,31
106,115,107.0,251.0,257.0,145.0,142.0,31
82,100,105.0,230.0,197.0,148.0,97.0,31
103,140,108.0,345.0,377.0,242.0,237.0,31
112,113,111.0,280.0,227.0,168.0,114.0,31
60,33,88.0,542.0,602.0,482.0,569.0,32
69,65,61.0,243.0,617.0,174.0,552.0,32
82,64,41.0,223.0,853.0,141.0,789.0,32
72,57,74.0,200.0,879.0,128.0,822.0,32
55,44,71.0,163.0,489.0,108.0,445.0,32
73,55,63.0,181.0,349.0,108.0,294.0,32
44,59,51.0,165.0,404.0,121.0,345.0,32
64,87,55.0,199.0,1308.0,135.0,1221.0,32
66,53,69.0,523.0,1323.0,457.0,1270.0,32
71,72,46.0,298.0,513.0,227.0,441.0,32
79,47,75.0,241.0,356.0,162.0,309.0,32
64,71,34.0,306.0,534.0,242.0,463.0,32
93,54,54.0,237.0,669.0,144.0,615.0,32
65,78,44.0,220.0,705.0,155.0,627.0,32
76,54,62.0,195.0,353.0,119.0,299.0,32
67,33,80.0,194.0,218.0,127.0,185.0,32
57,61,46.0,183.0,288.0,126.0,227.0,32
93,56,57.0,197.0,209.0,104.0,153.0,32
52,51,71.0,181.0,197.0,129.0,146.0,32
44,69,65.0,150.0,188.0,106.0,119.0,32
61,48,65.0,1259.0,683.0,816.4660714285715,635.0,33
67,55,67.0,740.0,347.0,673.0,292.0,33
17,57,67.0,740.0,257.0,723.0,200.0,33
57,51,73.0,289.0,1082.0,232.0,1031.0,33
75,34,66.0,673.0,817.0,598.0,783.0,33
73,56,75.0,850.0,715.0,777.0,659.0,33
72,50,73.0,406.0,717.0,334.0,667.0,33
83,56,77.0,1281.0,481.0,816.4660714285715,425.0,33
25,48,65.0,549.0,383.0,524.0,335.0,33
65,57,50.0,398.0,390.0,333.0,333.0,33
64,56,67.0,665.0,307.0,601.0,251.0,33
59,50,65.0,399.0,333.0,340.0,283.0,33
57,58,58.0,247.0,409.0,190.0,351.0,33
66,18,64.0,816.0,359.0,750.0,341.0,33
74,34,76.0,366.0,248.0,292.0,214.0,33
68,73,50.0,1043.0,1087.0,975.0,1014.0,33
74,49,67.0,499.0,592.0,425.0,543.0,33
49,65,73.0,290.0,974.0,241.0,909.0,33
75,64,55.0,749.0,1240.1169642857142,674.0,1008.7459821428572,33
67,42,75.0,324.0,690.0,257.0,648.0,33
106,93,87.0,497.0,978.0,391.0,885.0,34
53,76,34.0,363.0,624.0,310.0,548.0,34
58,42,35.0,308.0,735.0,250.0,693.0,34
86,80,63.0,288.0,862.0,202.0,782.0,34
61,62,49.0,253.0,642.0,192.0,580.0,34
59,28,72.0,693.0,404.0,634.0,376.0,34
34,63,71.0,198.0,418.0,164.0,355.0,34
53,69,25.0,293.0,376.0,240.0,307.0,34
79,83,73.0,397.0,452.0,318.0,369.0,34
68,66,51.0,664.0,258.0,596.0,192.0,34
52,79,52.0,274.0,316.0,222.0,237.0,34
63,81,54.0,378.0,316.0,315.0,235.0,34
57,73,52.0,204.0,408.0,147.0,335.0,34
82,64,58.0,299.0,423.0,217.0,359.0,34
79,57,104.0,289.0,583.0,210.0,526.0,34
43,43,70.0,560.0,282.0,517.0,239.0,34
82,41,22.0,652.0,450.0,570.0,409.0,34
44,32,20.0,370.0,306.0,326.0,274.0,34
34,59,76.0,435.0,299.0,401.0,240.0,34
44,80,48.0,413.0,425.0,369.0,345.0,34
19,55,117.0,885.0,472.0,866.0,417.0,35
71,54,67.0,261.0,231.0,190.0,177.0,35
73,67,63.0,227.0,183.0,154.0,116.0,35
49,68,83.0,197.0,176.0,148.0,108.0,35
48,73,89.0,250.0,193.0,202.0,120.0,35
76,57,47.0,227.0,158.0,151.0,101.0,35
70,48,58.0,241.0,157.0,171.0,109.0,35
40,39,59.0,234.0,158.0,194.0,119.0,35
69,48,82.0,250.0,142.0,181.0,94.0,35
90,67,73.0,308.0,184.0,218.0,117.0,35
74,74,71.0,385.0,350.0,311.0,276.0,35
85,80,65.0,203.0,189.0,118.0,109.0,35
60,47,58.0,218.0,174.0,158.0,127.0,35
73,68,59.0,249.0,176.0,176.0,108.0,35
73,39,91.0,291.0,192.0,218.0,153.0,35
59,59,43.0,316.0,183.0,257.0,124.0,35
92,82,70.0,317.0,333.0,225.0,251.0,35
92,80,93.0,242.0,212.0,150.0,132.0,35
56,40,67.0,241.0,181.0,185.0,141.0,35
88,28,52.0,252.0,153.0,164.0,125.0,35
59,59,40.0,151.0,194.0,92.0,135.0,36
44,47,74.0,182.0,209.0,138.0,162.0,36
54,55,56.0,140.0,175.0,86.0,120.0,36
32,29,61.0,160.0,184.0,128.0,155.0,36
47,62,63.0,144.0,168.0,97.0,106.0,36
89,39,49.0,174.0,174.0,85.0,135.0,36
61,47,97.0,1069.0,729.0,1008.0,682.0,36
71,53,62.0,176.0,192.0,105.0,139.0,36
36,56,71.0,149.0,176.0,113.0,120.0,36
33,72,36.0,143.0,220.0,110.0,148.0,36
65,38,56.0,178.0,175.0,113.0,137.0,36
57,46,58.0,154.0,180.0,97.0,134.0,36
100,66,58.0,184.0,192.0,84.0,126.0,36
57,67,66.0,167.0,184.0,110.0,117.0,36
74,49,66.0,167.0,159.0,93.0,110.0,36
76,59,64.0,167.0,162.0,91.0,103.0,36
43,58,49.0,145.0,184.0,102.0,126.0,36
49,83,40.0,143.0,226.0,94.0,143.0,36
40,83,49.0,116.0,218.0,76.0,135.0,36
50,74,66.0,160.0,193.0,110.0,119.0,36
74,82,84.0,270.0,364.0,196.0,282.0,37
77,82,89.0,334.0,478.0,257.0,396.0,37
81,82,74.0,252.0,465.0,171.0,383.0,37
91,92,81.0,253.0,338.0,162.0,246.0,37
56,74,90.0,120.0,236.0,64.0,162.0,37
55,89,79.0,164.0,594.0,109.0,505.0,37
55,71,66.0,208.0,501.0,153.0,430.0,37
66,84,93.0,291.0,431.0,225.0,347.0,37
88,82,60.0,263.0,461.0,175.0,379.0,37
59,84,83.0,264.0,466.0,205.0,382.0,37
109,102,56.0,252.0,572.0,143.0,470.0,37
65,93,86.0,282.0,513.0,217.0,420.0,37
68,81,82.0,336.0,457.0,268.0,376.0,37
47,61,92.0,304.0,361.0,257.0,300.0,37
101,72,86.0,250.0,402.0,149.0,330.0,37
91,93,58.0,305.0,563.0,214.0,470.0,37
66,98,78.0,291.0,606.0,225.0,508.0,37
67,93,93.0,260.0,318.0,193.0,225.0,37
89,79,83.0,232.0,305.0,143.0,226.0,37
105,82,72.0,252.0,297.0,147.0,215.0,37
47,65,87.0,536.0,798.0,489.0,733.0,38
55,57,62.0,399.0,654.0,344.0,597.0,38
75,64,71.0,212.0,484.0,137.0,420.0,38
88,90,56.0,199.0,460.0,111.0,370.0,38
61,87,81.0,200.0,324.0,139.0,237.0,38
62,81,79.0,201.0,378.0,139.0,297.0,38
73,97,56.0,227.0,525.0,154.0,428.0,38
61,30,86.0,241.0,353.0,180.0,323.0,38
48,81,56.0,260.0,459.0,212.0,378.0,38
77,97,96.0,190.0,251.0,113.0,154.0,38
96,81,61.0,258.0,879.0,162.0,798.0,38
65,66,53.0,303.0,426.0,238.0,360.0,38
81,103,105.0,289.0,555.0,208.0,452.0,38
34,62,55.0,307.0,574.0,273.0,512.0,38
90,96,39.0,263.0,499.0,173.0,403.0,38
81,87,57.0,254.0,323.0,173.0,236.0,38
72,78,64.0,220.0,332.0,148.0,254.0,38
80,64,65.0,243.0,350.0,163.0,286.0,38
81,89,55.0,235.0,527.0,154.0,438.0,38
79,95,56.0,285.0,500.0,206.0,405.0,38
69,47,66.0,473.0,986.0,404.0,939.0,39
60,72,56.0,319.0,526.0,259.0,454.0,39
69,56,63.0,260.0,397.0,191.0,341.0,39
62,72,63.0,270.0,257.0,208.0,185.0,39
59,54,64.0,456.0,369.0,397.0,315.0,39
59,64,70.0,357.0,331.0,298.0,267.0,39
57,72,50.0,183.0,1275.0,126.0,1203.0,39
60,64,56.0,236.0,206.0,176.0,142.0,39
65,71,65.0,182.0,245.0,117.0,174.0,39
57,72,55.0,198.0,339.0,141.0,267.0,39
64,72,55.0,290.0,849.0,226.0,777.0,39
72,72,65.0,190.0,221.0,118.0,149.0,39
39,64,56.0,198.0,206.0,159.0,142.0,39
51,74,56.0,399.0,263.0,348.0,189.0,39
77,89,64.0,219.0,157.0,142.0,68.0,39
56,80,65.0,232.0,173.0,176.0,93.0,39
59,80,72.0,203.0,223.0,144.0,143.0,39
50,63,55.0,168.0,181.0,118.0,118.0,39
68,80,56.0,178.0,190.0,110.0,110.0,39
76,80,55.0,211.0,206.0,135.0,126.0,39
60,92,54.0,723.0,454.0,663.0,362.0,40
78,95,90.0,690.0,395.0,612.0,300.0,40
83,86,83.0,665.0,387.0,582.0,301.0,40
84,91,93.0,581.0,358.0,497.0,267.0,40
89,71,91.0,731.0,289.0,642.0,218.0,40
113,111,77.0,573.0,361.0,460.0,250.0,40
99,87,92.0,659.0,337.0,560.0,250.0,40
109,82,83.0,479.0,342.0,370.0,260.0,40
69,92,106.0,558.0,311.0,489.0,219.0,40
106,74,83.0,578.0,316.0,472.0,242.0,40
57,99,75.0,477.0,325.0,420.0,226.0,40
97,86,84.0,845.0,319.0,748.0,233.0,40
89,83,90.0,466.0,310.0,377.0,227.0,40
75,99,78.0,538.0,364.0,463.0,265.0,40
87,109,83.0,557.0,360.0,470.0,251.0,40
87,92,84.0,490.0,325.0,403.0,233.0,40
97,100,84.0,518.0,290.0,421.0,190.0,40
83,109,89.0,615.0,302.0,532.0,193.0,40
66,101,93.0,536.0,301.0,470.0,200.0,40
69,78,91.0,493.0,322.0,424.0,244.0,40
75,82,98.0,1046.3651785714287,350.0,816.4660714285715,268.0,41
82,82,81.0,317.0,284.0,235.0,202.0,41
81,46,47.0,235.0,349.0,154.0,303.0,41
64,64,77.0,99.0,1240.1169642857142,35.0,1008.7459821428572,41
79,87,45.0,90.0,543.0,11.0,456.0,41
78,145,79.0,200.0,550.0,122.0,405.0,41
94,43,64.0,285.0,264.0,191.0,221.0,41
95,62,63.0,216.0,267.0,121.0,205.0,41
95,78,63.0,183.0,284.0,88.0,206.0,41
78,95,79.0,166.0,300.0,88.0,205.0,41
78,94,78.0,167.0,300.0,89.0,206.0,41
78,78,46.0,266.0,317.0,188.0,239.0,41
95,95,66.0,333.0,563.0,238.0,468.0,41
79,78,63.0,200.0,334.0,121.0,256.0,41
95,46,79.0,316.0,267.0,221.0,221.0,41
112,79,79.0,266.0,284.0,154.0,205.0,41
78,95,64.0,149.0,367.0,71.0,272.0,41
95,78,79.0,216.0,617.0,121.0,539.0,41
129,78,64.0,234.0,333.0,105.0,255.0,41
95,95,95.0,199.0,300.0,104.0,205.0,41
53,59,70.0,189.0,268.0,136.0,209.0,42
76,62,43.0,144.0,213.0,68.0,151.0,42
79,60,59.0,138.0,214.0,59.0,154.0,42
70,61,61.0,145.0,187.0,75.0,126.0,42
60,68,61.0,129.0,221.0,69.0,153.0,42
68,62,63.0,136.0,187.0,68.0,125.0,42
78,69,59.0,179.0,221.0,101.0,152.0,42
61,68,70.0,172.0,295.0,111.0,227.0,42
59,54,60.0,126.0,180.0,67.0,126.0,42
67,52,50.0,153.0,205.0,86.0,153.0,42
68,53,69.0,161.0,213.0,93.0,160.0,42
69,62,60.0,145.0,213.0,76.0,151.0,42
61,61,72.0,153.0,220.0,92.0,159.0,42
70,60,61.0,138.0,194.0,68.0,134.0,42
73,62,69.0,153.0,214.0,80.0,152.0,42
69,70,70.0,178.0,211.0,109.0,141.0,42
74,59,51.0,193.0,230.0,119.0,171.0,42
77,70,87.0,203.0,221.0,126.0,151.0,42
67,68,69.0,295.0,260.0,228.0,192.0,42
61,59,62.0,498.0,208.0,437.0,149.0,42
132,64,115.0,209.0,257.0,77.0,193.0,43
65,97,105.0,184.0,300.0,119.0,203.0,43
87,87,86.0,184.0,251.0,97.0,164.0,43
58,63,88.0,144.0,261.0,86.0,198.0,43
73,59,97.0,165.0,253.0,92.0,194.0,43
80,113,79.0,183.0,435.0,103.0,322.0,43
80,56,97.0,216.0,561.0,136.0,505.0,43
70,82,100.0,140.0,314.0,70.0,232.0,43
71,81,102.0,139.0,496.0,68.0,415.0,43
94,85,122.0,227.0,288.0,133.0,203.0,43
74,99,83.0,201.0,282.0,127.0,183.0,43
72,95,105.0,252.0,267.0,180.0,172.0,43
74,104,109.0,229.0,287.0,155.0,183.0,43
106,95,86.0,411.0,544.0,305.0,449.0,43
91,114,96.0,211.0,283.0,120.0,169.0,43
72,70,103.0,226.0,227.0,154.0,157.0,43
80,77,124.0,171.0,246.0,91.0,169.0,43
90,98,105.0,202.0,234.0,112.0,136.0,43
65,97,118.0,151.0,347.0,86.0,250.0,43
80,107,95.0,157.0,396.0,77.0,289.0,43
63,68,85.0,712.0,583.0,649.0,515.0,44
85,18,69.0,407.0,467.0,322.0,449.0,44
68,45,52.0,239.0,252.0,171.0,207.0,44
85,69,69.0,508.0,225.0,423.0,156.0,44
77,53,70.0,274.0,167.0,197.0,114.0,44
69,70,78.0,266.0,166.0,197.0,96.0,44
44,68,68.0,333.0,183.0,289.0,115.0,44
53,80,85.0,239.0,178.0,186.0,98.0,44
77,78,86.0,240.0,184.0,163.0,106.0,44
63,78,77.0,208.0,217.0,145.0,139.0,44
62,95,78.0,215.0,209.0,153.0,114.0,44
52,65,94.0,236.0,179.0,184.0,114.0,44
68,43,53.0,282.0,184.0,214.0,141.0,44
53,69,78.0,208.0,158.0,155.0,89.0,44
58,69,63.0,279.0,250.0,221.0,181.0,44
51,52,94.0,290.0,149.0,239.0,97.0,44
76,70,86.0,215.0,209.0,139.0,139.0,44
52,78,69.0,366.0,208.0,314.0,130.0,44
51,62,69.0,198.0,175.0,147.0,113.0,44
68,69,70.0,208.0,241.0,140.0,172.0,44
71,94,59.0,409.0,692.0,338.0,598.0,45
79,88,77.0,1278.0,408.0,816.4660714285715,320.0,45
76,106,90.0,304.0,312.0,228.0,206.0,45
102,111,82.0,434.0,353.0,332.0,242.0,45
100,93,55.0,416.0,397.0,316.0,304.0,45
86,96,90.0,374.0,397.0,288.0,301.0,45
92,98,90.0,397.0,382.0,305.0,284.0,45
89,89,88.0,382.0,383.0,293.0,294.0,45
79,103,92.0,385.0,381.0,306.0,278.0,45
90,106,71.0,150.0,351.0,60.0,245.0,45
68,82,65.0,166.0,291.0,98.0,209.0,45
87,73,70.0,180.0,491.0,93.0,418.0,45
93,95,73.0,151.0,371.0,58.0,276.0,45
81,69,88.0,268.0,321.0,187.0,252.0,45
99,87,62.0,244.0,317.0,145.0,230.0,45
95,83,75.0,178.0,331.0,83.0,248.0,45
86,72,81.0,202.0,299.0,116.0,227.0,45
61,94,71.0,175.0,313.0,114.0,219.0,45
73,90,66.0,338.0,359.0,265.0,269.0,45
71,90,73.0,137.0,350.0,66.0,260.0,45
63,80,59.0,200.0,239.0,137.0,159.0,46
88,77,89.0,235.0,332.0,147.0,255.0,46
56,66,76.0,181.0,249.0,125.0,183.0,46
74,81,80.0,217.0,318.0,143.0,237.0,46
65,64,64.0,236.0,668.0,171.0,604.0,46
113,56,73.0,250.0,559.0,137.0,503.0,46
72,71,73.0,226.0,316.0,154.0,245.0,46
65,64,72.0,175.0,184.0,110.0,120.0,46
73,91,106.0,217.0,358.0,144.0,267.0,46
67,74,65.0,283.0,293.0,216.0,219.0,46
64,74,82.0,216.0,316.0,152.0,242.0,46
81,63,72.0,226.0,241.0,145.0,178.0,46
64,82,80.0,190.0,277.0,126.0,195.0,46
75,83,86.0,209.0,244.0,134.0,161.0,46
83,74,93.0,217.0,241.0,134.0,167.0,46
65,64,63.0,193.0,217.0,128.0,153.0,46
65,53,56.0,468.0,324.0,403.0,271.0,46
83,73,89.0,233.0,276.0,150.0,203.0,46
74,81,91.0,242.0,250.0,168.0,169.0,46
80,79,72.0,175.0,191.0,95.0,112.0,46
54,94,83.0,680.0,543.0,626.0,449.0,47
62,90,74.0,475.0,527.0,413.0,437.0,47
88,99,65.0,543.0,549.0,455.0,450.0,47
68,82,116.0,440.0,411.0,372.0,329.0,47
74,86,62.0,751.0,675.0,677.0,589.0,47
69,89,81.0,560.0,505.0,491.0,416.0,47
55,100,100.0,442.0,486.0,387.0,386.0,47
46,98,124.0,877.0,352.0,831.0,254.0,47
55,90,125.0,351.0,535.0,296.0,445.0,47
36,107,99.0,602.0,391.0,566.0,284.0,47
44,74,116.0,365.0,386.0,321.0,312.0,47
71,91,107.0,559.0,486.0,488.0,395.0,47
62,82,98.0,341.0,419.0,279.0,337.0,47
55,72,45.0,788.0,896.0,733.0,824.0,47
59,82,99.0,464.0,461.0,405.0,379.0,47
49,88,116.0,707.0,484.0,658.0,396.0,47
59,82,99.0,456.0,503.0,397.0,421.0,47
74,82,107.0,421.0,387.0,347.0,305.0,47
61,65,91.0,416.0,419.0,355.0,354.0,47
56,82,133.0,395.0,295.0,339.0,213.0,47
101,123,81.0,586.0,358.0,485.0,235.0,48
80,106,90.0,317.0,166.0,237.0,60.0,48
86,105,82.0,297.0,198.0,211.0,93.0,48
64,111,82.0,712.0,171.0,648.0,60.0,48
79,100,81.0,264.0,142.0,185.0,42.0,48
89,106,82.0,293.0,148.0,204.0,42.0,48
89,88,67.0,900.0,182.0,811.0,94.0,48
90,79,82.0,417.0,157.0,327.0,78.0,48
81,106,66.0,359.0,273.0,278.0,167.0,48
98,95,82.0,1046.3651785714287,182.0,816.4660714285715,87.0,48
114,106,83.0,407.0,157.0,293.0,51.0,48
81,82,64.0,416.0,133.0,335.0,51.0,48
80,90,64.0,483.0,167.0,403.0,77.0,48
94,97,88.0,472.0,125.0,378.0,28.0,48
105,123,72.0,540.0,159.0,435.0,36.0,48
115,97,73.0,543.0,157.0,428.0,60.0,48
105,89,74.0,450.0,175.0,345.0,86.0,48
98,106,65.0,408.0,150.0,310.0,44.0,48
90,106,82.0,433.0,149.0,343.0,43.0,48
105,92,46.0,597.0,195.0,492.0,103.0,48
34,80,79.0,1077.0,599.0,1043.0,519.0,49
88,80,96.0,1289.0,366.0,816.4660714285715,286.0,49
81,73,97.0,357.0,658.0,276.0,585.0,49
72,81,79.0,234.0,308.0,162.0,227.0,49
71,87,70.0,300.0,383.0,229.0,296.0,49
64,55,79.0,482.0,292.0,418.0,237.0,49
56,94,88.0,253.0,264.0,197.0,170.0,49
80,90,96.0,266.0,300.0,186.0,210.0,49
89,97,82.0,275.0,274.0,186.0,177.0,49
80,95,88.0,243.0,248.0,163.0,153.0,49
72,86,96.0,259.0,240.0,187.0,154.0,49
81,87,108.0,241.0,239.0,160.0,152.0,49
73,94,103.0,1068.0,259.0,995.0,165.0,49
88,78,87.0,809.0,248.0,721.0,170.0,49
77,94,94.0,250.0,241.0,173.0,147.0,49
77,71,97.0,298.0,298.0,221.0,227.0,49
87,87,93.0,499.0,252.0,412.0,165.0,49
63,88,80.0,257.0,250.0,194.0,162.0,49
79,79,95.0,241.0,258.0,162.0,179.0,49
78,86,88.0,241.0,257.0,163.0,171.0,49
89,111,97.0,727.0,1019.0,638.0,908.0,50
101,66,74.0,443.0,657.0,342.0,591.0,50
96,90,98.0,696.0,624.0,600.0,534.0,50
103,51,106.0,421.0,350.0,318.0,299.0,50
74,46,91.0,411.0,430.0,337.0,384.0,50
88,84,106.0,324.0,349.0,236.0,265.0,50
86,66,93.0,483.0,295.0,397.0,229.0,50
76,89,92.0,348.0,371.0,272.0,282.0,50
74,60,93.0,671.0,269.0,597.0,209.0,50
91,74,89.0,282.0,292.0,191.0,218.0,50
98,87,77.0,316.0,626.0,218.0,539.0,50
87,95,106.0,403.0,301.0,316.0,206.0,50
88,78,80.0,311.0,332.0,223.0,254.0,50
112,75,90.0,353.0,359.0,241.0,284.0,50
92,83,86.0,377.0,376.0,285.0,293.0,50
92,60,77.0,368.0,313.0,276.0,253.0,50
70,72,75.0,469.0,325.0,399.0,253.0,50
114,78,81.0,330.0,321.0,216.0,243.0,50
83,89,80.0,370.0,480.0,287.0,391.0,50
80,70,82.0,382.0,316.0,302.0,246.0,50
96,112,79.0,165.0,350.0,69.0,238.0,51
65,81,65.0,450.0,334.0,385.0,253.0,51
65,65,45.0,385.0,502.0,320.0,437.0,51
46,99,79.0,347.0,270.0,301.0,171.0,51
63,81,98.0,498.0,316.0,435.0,235.0,51
65,81,65.0,300.0,301.0,235.0,220.0,51
62,96,65.0,700.0,332.0,638.0,236.0,51
64,79,81.0,501.0,1016.0,437.0,937.0,51
50,65,30.0,417.0,669.0,367.0,604.0,51
79,63,63.0,381.0,351.0,302.0,288.0,51
63,80,80.0,383.0,316.0,320.0,236.0,51
80,81,81.0,1198.0,334.0,816.4660714285715,253.0,51
47,82,81.0,415.0,351.0,368.0,269.0,51
46,65,81.0,348.0,267.0,302.0,202.0,51
64,81,47.0,766.0,683.0,702.0,602.0,51
47,79,80.0,499.0,466.0,452.0,387.0,51
80,64,81.0,316.0,249.0,236.0,185.0,51
61,46,65.0,348.0,264.0,287.0,218.0,51
78,81,63.0,230.0,268.0,152.0,187.0,51
78,96,80.0,366.0,265.0,288.0,169.0,51
12,34,71.0,531.0,247.0,519.0,213.0,52
97,70,61.0,565.0,247.0,468.0,177.0,52
93,75,53.0,265.0,205.0,172.0,130.0,52
71,71,69.0,672.0,545.0,601.0,474.0,52
72,20,82.0,290.0,147.0,218.0,127.0,52
71,72,83.0,329.0,212.0,258.0,140.0,52
90,94,57.0,797.0,1003.0,707.0,909.0,52
56,48,50.0,325.0,266.0,269.0,218.0,52
72,71,73.0,256.0,200.0,184.0,129.0,52
49,73,61.0,275.0,213.0,226.0,140.0,52
69,64,81.0,260.0,229.0,191.0,165.0,52
82,72,83.0,277.0,266.0,195.0,194.0,52
92,78,92.0,279.0,253.0,187.0,175.0,52
67,75,62.0,250.0,257.0,183.0,182.0,52
69,72,70.0,263.0,257.0,194.0,185.0,52
59,80,68.0,235.0,253.0,176.0,173.0,52
78,59,75.0,275.0,250.0,197.0,191.0,52
49,64,63.0,310.0,331.0,261.0,267.0,52
71,69,59.0,291.0,628.0,220.0,559.0,52
84,72,65.0,298.0,286.0,214.0,214.0,52
69,48,51.0,1072.0,213.0,1003.0,165.0,53
82,66,51.0,133.0,178.0,51.0,112.0,53
131,106,40.0,281.0,217.0,150.0,111.0,53
113,71,54.0,176.0,182.0,63.0,111.0,53
99,91,67.0,428.0,225.0,329.0,134.0,53
88,89,63.0,223.0,193.0,135.0,104.0,53
91,83,76.0,173.0,175.0,82.0,92.0,53
90,90,82.0,140.0,201.0,50.0,111.0,53
106,83,81.0,173.0,168.0,67.0,85.0,53
97,95,58.0,135.0,228.0,38.0,133.0,53
151,108,55.0,251.0,595.0,100.0,487.0,53
98,89,64.0,252.0,199.0,154.0,110.0,53
73,106,28.0,326.0,268.0,253.0,162.0,53
54,76,76.0,289.0,330.0,235.0,254.0,53
96,98,28.0,250.0,366.0,154.0,268.0,53
67,98,73.0,285.0,209.0,218.0,111.0,53
80,91,66.0,173.0,198.0,93.0,107.0,53
86,93,67.0,278.0,178.0,192.0,85.0,53
66,81,66.0,261.0,148.0,195.0,67.0,53
97,67,66.0,232.0,141.0,135.0,74.0,53
73,91,101.0,271.0,1240.1169642857142,198.0,1008.7459821428572,54
87,97,98.0,217.0,262.0,130.0,165.0,54
70,81,87.0,747.0,409.0,677.0,328.0,54
88,91,97.0,169.0,448.0,81.0,357.0,54
99,118,80.0,136.0,237.0,37.0,119.0,54
81,90,89.0,163.0,201.0,82.0,111.0,54
97,89,90.0,145.0,163.0,48.0,74.0,54
79,99,61.0,254.0,209.0,175.0,110.0,54
78,101,75.0,150.0,180.0,72.0,79.0,54
88,81,73.0,116.0,256.0,28.0,175.0,54
89,99,72.0,135.0,172.0,46.0,73.0,54
70,78,72.0,820.0,216.0,750.0,138.0,54
71,100,62.0,108.0,174.0,37.0,74.0,54
81,99,79.0,164.0,164.0,83.0,65.0,54
79,92,65.0,113.0,146.0,34.0,54.0,54
72,99,57.0,146.0,153.0,74.0,54.0,54
87,91,90.0,114.0,165.0,27.0,74.0,54
79,88,70.0,792.0,217.0,713.0,129.0,54
70,90,64.0,162.0,153.0,92.0,63.0,54
73,92,64.0,273.0,164.0,200.0,72.0,54
59,55,51.0,454.0,1020.0,395.0,965.0,55
69,67,39.0,269.0,161.0,200.0,94.0,55
96,77,35.0,439.0,308.0,343.0,231.0,55
61,93,62.0,168.0,198.0,107.0,105.0,55
77,65,77.0,114.0,152.0,37.0,87.0,55
94,78,67.0,134.0,543.0,40.0,465.0,55
87,96,63.0,158.0,267.0,71.0,171.0,55
55,34,72.0,139.0,146.0,84.0,112.0,55
55,75,40.0,112.0,202.0,57.0,127.0,55
52,46,53.0,155.0,144.0,103.0,98.0,55
79,80,63.0,150.0,333.0,71.0,253.0,55
65,51,35.0,149.0,284.0,84.0,233.0,55
63,71,33.0,140.0,691.0,77.0,620.0,55
51,63,70.0,153.0,194.0,102.0,131.0,55
47,66,51.0,114.0,182.0,67.0,116.0,55
80,74,56.0,157.0,185.0,77.0,111.0,55
67,59,49.0,108.0,193.0,41.0,134.0,55
56,72,49.0,186.0,205.0,130.0,133.0,55
79,77,54.0,171.0,188.0,92.0,111.0,55
51,46,55.0,137.0,193.0,86.0,147.0,55
50,71,30.0,169.0,824.0,119.0,753.0,56
79,73,32.0,174.0,1240.1169642857142,95.0,1008.7459821428572,56
95,58,53.0,207.0,854.0,112.0,796.0,56
80,73,27.0,158.0,811.0,78.0,738.0,56
81,66,47.0,143.0,307.0,62.0,241.0,56
79,58,48.0,172.0,788.0,93.0,730.0,56
105,58,50.0,156.0,659.0,51.0,601.0,56
72,57,14.0,147.0,1648.0,75.0,1008.7459821428572,56
79,56,48.0,150.0,1240.1169642857142,71.0,1008.7459821428572,56
88,65,40.0,175.0,959.0,87.0,894.0,56
65,64,49.0,193.0,598.0,128.0,534.0,56
63,46,46.0,176.0,502.0,113.0,456.0,56
76,75,13.0,831.0,716.0,755.0,641.0,56
162,81,46.0,257.0,535.0,95.0,454.0,56
80,55,50.0,274.0,284.0,194.0,229.0,56
96,71,41.0,307.0,324.0,211.0,253.0,56
96,68,56.0,585.0,433.0,489.0,365.0,56
75,64,48.0,503.0,1013.0,428.0,949.0,56
85,38,60.0,297.0,771.0,212.0,733.0,56
70,47,56.0,265.0,1044.0,195.0,997.0,56
93,123,109.0,287.0,1240.1169642857142,194.0,1008.7459821428572,57
124,120,121.0,356.0,389.0,232.0,269.0,57
130,125,111.0,327.0,581.0,197.0,456.0,57
109,104,109.0,310.0,473.0,201.0,369.0,57
122,122,130.0,310.0,517.0,188.0,395.0,57
108,106,151.0,349.0,546.0,241.0,440.0,57
111,111,99.0,309.0,529.0,198.0,418.0,57
91,102,141.0,289.0,402.0,198.0,300.0,57
104,111,123.0,343.0,492.0,239.0,381.0,57
111,105,120.0,300.0,393.0,189.0,288.0,57
82,121,111.0,291.0,402.0,209.0,281.0,57
108,114,99.0,338.0,629.0,230.0,515.0,57
107,80,109.0,306.0,465.0,199.0,385.0,57
111,92,142.0,330.0,558.0,219.0,466.0,57
122,95,98.0,295.0,532.0,173.0,437.0,57
89,105,120.0,339.0,290.0,250.0,185.0,57
108,110,112.0,277.0,266.0,169.0,156.0,57
110,120,109.0,290.0,391.0,180.0,271.0,57
106,112,111.0,278.0,269.0,172.0,157.0,57
102,89,111.0,291.0,288.0,189.0,199.0,57
86,89,75.0,268.0,789.0,182.0,700.0,58
68,71,52.0,486.0,518.0,418.0,447.0,58
88,68,61.0,451.0,542.0,363.0,474.0,58
88,75,72.0,327.0,228.0,239.0,153.0,58
68,64,57.0,315.0,192.0,247.0,128.0,58
77,69,57.0,433.0,176.0,356.0,107.0,58
95,77,68.0,464.0,218.0,369.0,141.0,58
84,59,75.0,311.0,245.0,227.0,186.0,58
81,72,60.0,288.0,264.0,207.0,192.0,58
86,55,67.0,571.0,203.0,485.0,148.0,58
89,67,64.0,326.0,237.0,237.0,170.0,58
69,83,65.0,273.0,219.0,204.0,136.0,58
71,83,64.0,250.0,241.0,179.0,158.0,58
57,61,51.0,317.0,304.0,260.0,243.0,58
79,69,69.0,288.0,210.0,209.0,141.0,58
70,93,59.0,264.0,205.0,194.0,112.0,58
71,57,67.0,266.0,185.0,195.0,128.0,58
68,66,67.0,246.0,204.0,178.0,138.0,58
71,65,66.0,300.0,201.0,229.0,136.0,58
65,65,67.0,239.0,161.0,174.0,96.0,58
8,98,98.0,329.0,403.0,321.0,305.0,59
89,62,137.0,1150.0,330.0,1061.0,268.0,59
76,78,98.0,461.0,399.0,385.0,321.0,59
100,50,231.86919642857146,966.0,383.0,866.0,333.0,59
166,84,106.0,303.0,445.0,137.0,361.0,59
99,69,79.0,243.0,323.0,144.0,254.0,59
107,107,110.0,206.0,289.0,99.0,182.0,59
109,112,90.0,189.0,284.0,80.0,172.0,59
79,62,79.0,216.0,375.0,137.0,313.0,59
101,84,68.0,229.0,290.0,128.0,206.0,59
109,53,97.0,636.0,294.0,527.0,241.0,59
130,44,115.0,249.0,279.0,119.0,235.0,59
98,109,87.0,612.0,304.0,514.0,195.0,59
141,101,92.0,215.0,1240.1169642857142,74.0,1008.7459821428572,59
91,118,88.0,225.0,411.0,134.0,293.0,59
80,86,111.0,183.0,264.0,103.0,178.0,59
91,102,112.0,189.0,277.0,98.0,175.0,59
132,93,78.0,238.0,307.0,106.0,214.0,59
106,102,99.0,206.0,270.0,100.0,168.0,59
94,137,115.0,207.0,315.0,113.0,178.0,59
138,120,135.0,1046.3651785714287,1240.1169642857142,816.4660714285715,1008.7459821428572,60
89,105,115.0,1046.3651785714287,574.0,816.4660714285715,469.0,60
81,97,106.0,584.0,1434.0,503.0,1337.0,60
71,63,116.0,674.0,1240.1169642857142,603.0,1008.7459821428572,60
89,49,84.0,575.0,1240.1169642857142,486.0,1008.7459821428572,60
98,108,85.0,614.0,583.0,516.0,475.0,60
73,113,96.0,359.0,477.0,286.0,364.0,60
73,74,108.0,642.0,383.0,569.0,309.0,60
89,81,105.0,434.0,392.0,345.0,311.0,60
82,82,102.0,724.0,397.0,642.0,315.0,60
63,70,106.0,1046.3651785714287,365.0,816.4660714285715,295.0,60
58,56,89.0,484.0,342.0,426.0,286.0,60
100,73,80.0,600.0,594.0,500.0,521.0,60
113,70,79.0,476.0,1108.0,363.0,1038.0,60
62,90,97.0,365.0,476.0,303.0,386.0,60
63,54,79.0,875.0,367.0,812.0,313.0,60
81,63,80.0,566.0,384.0,485.0,321.0,60
73,61,81.0,425.0,367.0,352.0,306.0,60
82,54,72.0,470.0,482.0,388.0,428.0,60
91,97,102.0,367.0,359.0,276.0,262.0,60
90,86,88.0,1046.3651785714287,1377.0,816.4660714285715,1291.0,61
108,96,93.0,1024.0,1498.0,916.0,1008.7459821428572,61
112,102,117.0,1046.3651785714287,728.0,816.4660714285715,626.0,61
98,85,104.0,1102.0,599.0,1004.0,514.0,61
107,115,103.0,987.0,1224.0,880.0,1109.0,61
121,103,99.0,1107.0,903.0,986.0,800.0,61
90,93,78.0,541.0,406.0,451.0,313.0,61
82,69,84.0,455.0,1240.1169642857142,373.0,1008.7459821428572,61
94,93,90.0,619.0,1089.0,525.0,996.0,61
82,89,75.0,1074.0,360.0,992.0,271.0,61
64,87,82.0,521.0,863.0,457.0,776.0,61
70,89,68.0,495.0,851.0,425.0,762.0,61
81,74,84.0,852.0,512.0,771.0,438.0,61
75,78,83.0,717.0,315.0,642.0,237.0,61
78,73,80.0,428.0,824.0,350.0,751.0,61
75,87,83.0,399.0,512.0,324.0,425.0,61
74,79,79.0,624.0,425.0,550.0,346.0,61
78,91,90.0,1142.0,637.0,1064.0,546.0,61
79,43,73.0,1223.0,593.0,816.4660714285715,550.0,61
82,79,80.0,503.0,402.0,421.0,323.0,61
31,96,96.0,284.0,285.0,253.0,189.0,62
111,97,78.0,249.0,216.0,138.0,119.0,62
76,77,76.0,230.0,619.0,154.0,542.0,62
92,96,105.0,229.0,273.0,137.0,177.0,62
94,76,91.0,233.0,202.0,139.0,126.0,62
92,79,114.0,196.0,149.0,104.0,70.0,62
80,95,95.0,184.0,268.0,104.0,173.0,62
76,96,79.0,198.0,167.0,122.0,71.0,62
77,79,96.0,198.0,234.0,121.0,155.0,62
77,96,80.0,197.0,166.0,120.0,70.0,62
97,99,96.0,198.0,151.0,101.0,52.0,62
93,97,99.0,229.0,166.0,136.0,69.0,62
94,78,99.0,217.0,113.0,123.0,35.0,62
95,79,78.0,217.0,150.0,122.0,71.0,62
78,62,96.0,217.0,150.0,139.0,88.0,62
94,78,113.0,249.0,98.0,155.0,20.0,62
95,111,97.0,199.0,130.0,104.0,19.0,62
96,111,109.0,201.0,118.0,105.0,7.0,62
95,80,95.0,217.0,100.0,122.0,20.0,62
77,88,115.0,204.0,123.0,127.0,35.0,62
66,54,68.0,381.0,1510.0,315.0,1008.7459821428572,63
61,62,52.0,358.0,816.0,297.0,754.0,63
78,52,52.0,409.0,341.0,331.0,289.0,63
80,44,51.0,344.0,242.0,264.0,198.0,63
52,52,44.0,307.0,184.0,255.0,132.0,63
78,43,60.0,285.0,290.0,207.0,247.0,63
37,37,52.0,333.0,234.0,296.0,197.0,63
44,77,61.0,466.0,208.0,422.0,131.0,63
69,45,63.0,358.0,208.0,289.0,163.0,63
69,53,61.0,275.0,209.0,206.0,156.0,63
53,60,63.0,208.0,324.0,155.0,264.0,63
85,45,54.0,624.0,183.0,539.0,138.0,63
79,36,61.0,309.0,200.0,230.0,164.0,63
77,51,52.0,325.0,166.0,248.0,115.0,63
69,45,53.0,291.0,166.0,222.0,121.0,63
86,35,52.0,284.0,149.0,198.0,114.0,63
70,37,44.0,233.0,167.0,163.0,130.0,63
78,36,54.0,242.0,157.0,164.0,121.0,63
65,10,52.0,266.0,326.0,201.0,316.0,63
70,52,44.0,341.0,183.0,271.0,131.0,63
67,73,53.0,452.0,406.0,385.0,333.0,64
76,72,32.0,530.0,208.0,454.0,136.0,64
66,97,30.0,161.0,127.0,95.0,30.0,64
53,81,38.0,106.0,109.0,53.0,28.0,64
59,79,38.0,122.0,114.0,63.0,35.0,64
47,80,55.0,641.0,134.0,594.0,54.0,64
39,81,55.0,109.0,127.0,70.0,46.0,64
37,82,55.0,141.0,285.0,104.0,203.0,64
38,73,65.0,92.0,143.0,54.0,70.0,64
47,73,56.0,101.0,107.0,54.0,34.0,64
40,90,64.0,93.0,118.0,53.0,28.0,64
48,80,64.0,93.0,118.0,45.0,38.0,64
52,81,29.0,139.0,110.0,87.0,29.0,64
46,73,72.0,109.0,135.0,63.0,62.0,64
47,89,46.0,101.0,127.0,54.0,38.0,64
13,81,40.0,74.0,1424.0,61.0,1343.0,64
56,97,72.0,143.0,575.0,87.0,478.0,64
32,72,31.0,453.0,217.0,421.0,145.0,64
63,73,56.0,117.0,151.0,54.0,78.0,64
32,73,55.0,110.0,100.0,78.0,27.0,64
8,74,56.0,144.0,263.0,136.0,189.0,65
69,99,69.0,239.0,700.0,170.0,601.0,65
58,74,38.0,285.0,316.0,227.0,242.0,65
72,78,80.0,393.0,331.0,321.0,253.0,65
63,98,70.0,233.0,559.0,170.0,461.0,65
55,82,102.0,303.0,280.0,248.0,198.0,65
60,87,93.0,239.0,262.0,179.0,175.0,65
86,91,84.0,207.0,281.0,121.0,190.0,65
55,83,72.0,205.0,247.0,150.0,164.0,65
52,77,91.0,202.0,287.0,150.0,210.0,65
91,98,81.0,219.0,325.0,128.0,227.0,65
79,90,75.0,223.0,268.0,144.0,178.0,65
73,69,69.0,210.0,177.0,137.0,108.0,65
78,68,78.0,177.0,178.0,99.0,110.0,65
61,89,76.0,278.0,655.0,217.0,566.0,65
54,85,65.0,228.0,229.0,174.0,144.0,65
54,64,77.0,375.0,220.0,321.0,156.0,65
64,95,64.0,236.0,212.0,172.0,117.0,65
52,69,55.0,175.0,164.0,123.0,95.0,65
60,65,72.0,187.0,175.0,127.0,110.0,65
32,62,52.0,181.0,1074.0,149.0,1012.0,66
34,46,45.0,141.0,843.0,107.0,797.0,66
59,42,43.0,571.0,600.0,512.0,558.0,66
44,35,37.0,186.0,821.0,142.0,786.0,66
52,44,29.0,711.0,820.0,659.0,776.0,66
69,44,52.0,304.0,603.0,235.0,559.0,66
53,53,61.0,420.0,621.0,367.0,568.0,66
52,61,78.0,312.0,302.0,260.0,241.0,66
53,43,52.0,246.0,764.0,193.0,721.0,66
51,59,51.0,188.0,537.0,137.0,478.0,66
51,53,52.0,178.0,328.0,127.0,275.0,66
62,52,50.0,472.0,605.0,410.0,553.0,66
26,53,37.0,150.0,244.0,124.0,191.0,66
44,54,45.0,168.0,279.0,124.0,225.0,66
70,60,34.0,412.0,776.0,342.0,716.0,66
72,54,61.0,211.0,355.0,139.0,301.0,66
59,52,59.0,195.0,587.0,136.0,535.0,66
59,72,61.0,167.0,423.0,108.0,351.0,66
62,62,53.0,186.0,321.0,124.0,259.0,66
62,53,50.0,180.0,248.0,118.0,195.0,66
55,95,52.0,283.0,545.0,228.0,450.0,67
70,99,81.0,247.0,285.0,177.0,186.0,67
91,110,101.0,318.0,417.0,227.0,307.0,67
69,111,88.0,237.0,289.0,168.0,178.0,67
72,112,93.0,264.0,301.0,192.0,189.0,67
73,113,76.0,276.0,373.0,203.0,260.0,67
57,110,80.0,262.0,301.0,205.0,191.0,67
49,123,94.0,243.0,310.0,194.0,187.0,67
70,131,111.0,308.0,372.0,238.0,241.0,67
83,115,115.0,279.0,258.0,196.0,143.0,67
101,117,104.0,279.0,309.0,178.0,192.0,67
95,113,95.0,300.0,254.0,205.0,141.0,67
41,97,60.0,290.0,316.0,249.0,219.0,67
93,113,81.0,301.0,296.0,208.0,183.0,67
76,92,105.0,307.0,286.0,231.0,194.0,67
82,88,80.0,342.0,312.0,260.0,224.0,67
72,87,94.0,535.0,307.0,463.0,220.0,67
93,73,74.0,335.0,488.0,242.0,415.0,67
92,127,96.0,314.0,367.0,222.0,240.0,67
90,98,83.0,263.0,312.0,173.0,214.0,67
42,28,45.0,1046.3651785714287,1309.0,816.4660714285715,1281.0,68
41,52,59.0,388.0,1240.1169642857142,347.0,1008.7459821428572,68
67,34,82.0,391.0,1455.0,324.0,1008.7459821428572,68
1,40,57.0,1046.3651785714287,1402.0,816.4660714285715,1008.7459821428572,68
38,32,25.0,249.0,676.0,211.0,644.0,68
51,40,57.0,243.0,437.0,192.0,397.0,68
47,16,50.0,444.0,1039.0,397.0,1023.0,68
63,47,51.0,335.0,373.0,272.0,326.0,68
42,40,56.0,210.0,262.0,168.0,222.0,68
51,55,65.0,176.0,236.0,125.0,181.0,68
46,43,59.0,172.0,228.0,126.0,185.0,68
36,55,50.0,165.0,526.0,129.0,471.0,68
33,55,65.0,169.0,250.0,136.0,195.0,68
72,40,50.0,277.0,216.0,205.0,176.0,68
47,48,55.0,267.0,253.0,220.0,205.0,68
39,38,50.0,236.0,905.0,197.0,867.0,68
46,47,62.0,208.0,281.0,162.0,234.0,68
51,31,70.0,897.0,401.0,846.0,370.0,68
39,22,58.0,175.0,219.0,136.0,197.0,68
42,23,40.0,213.0,548.0,171.0,525.0,68
13,70,52.0,445.0,1240.1169642857142,432.0,1008.7459821428572,69
79,92,54.0,474.0,488.0,395.0,396.0,69
64,82,83.0,120.0,211.0,56.0,129.0,69
88,77,65.0,143.0,209.0,55.0,132.0,69
51,53,51.0,130.0,187.0,79.0,134.0,69
58,62,57.0,115.0,207.0,57.0,145.0,69
50,71,85.0,162.0,1356.0,112.0,1285.0,69
65,104,62.0,162.0,394.0,97.0,290.0,69
82,72,48.0,144.0,223.0,62.0,151.0,69
91,94,96.0,160.0,198.0,69.0,104.0,69
53,81,63.0,153.0,234.0,100.0,153.0,69
67,95,68.0,137.0,212.0,70.0,117.0,69
56,56,87.0,143.0,170.0,87.0,114.0,69
66,50,52.0,131.0,353.0,65.0,303.0,69
50,66,65.0,168.0,200.0,118.0,134.0,69
63,62,77.0,151.0,203.0,88.0,141.0,69
64,93,69.0,107.0,206.0,43.0,113.0,69
65,61,55.0,124.0,288.0,59.0,227.0,69
66,64,59.0,106.0,189.0,40.0,125.0,69
71,52,50.0,149.0,219.0,78.0,167.0,69
51,19,46.0,881.0,255.0,830.0,236.0,70
39,63,15.0,459.0,258.0,420.0,195.0,70
77,58,44.0,504.0,219.0,427.0,161.0,70
67,69,29.0,391.0,269.0,324.0,200.0,70
36,65,51.0,303.0,238.0,267.0,173.0,70
44,61,29.0,295.0,236.0,251.0,175.0,70
36,55,45.0,306.0,277.0,270.0,222.0,70
44,41,36.0,927.0,288.0,883.0,247.0,70
35,74,37.0,1044.0,254.0,1009.0,180.0,70
44,76,39.0,250.0,224.0,206.0,148.0,70
47,54,54.0,260.0,207.0,213.0,153.0,70
54,45,45.0,308.0,226.0,254.0,181.0,70
41,45,54.0,311.0,209.0,270.0,164.0,70
67,58,46.0,360.0,232.0,293.0,174.0,70
54,63,39.0,367.0,273.0,313.0,210.0,70
60,22,21.0,209.0,177.0,149.0,155.0,70
49,49,32.0,132.0,793.0,83.0,744.0,70
52,35,42.0,540.0,235.0,488.0,200.0,70
76,49,46.0,164.0,221.0,88.0,172.0,70
31,62,37.0,137.0,218.0,106.0,156.0,70
101,110,117.0,402.0,524.0,301.0,414.0,71
102,103,102.0,345.0,316.0,243.0,213.0,71
77,102,95.0,232.0,219.0,155.0,117.0,71
104,106,128.0,279.0,202.0,175.0,96.0,71
108,100,107.0,287.0,245.0,179.0,145.0,71
98,93,119.0,285.0,351.0,187.0,258.0,71
99,74,122.0,258.0,572.0,159.0,498.0,71
110,90,112.0,251.0,205.0,141.0,115.0,71
104,113,117.0,256.0,234.0,152.0,121.0,71
99,76,93.0,251.0,270.0,152.0,194.0,71
92,56,112.0,285.0,217.0,193.0,161.0,71
72,106,109.0,217.0,225.0,145.0,119.0,71
102,88,123.0,241.0,179.0,139.0,91.0,71
90,85,111.0,220.0,202.0,130.0,117.0,71
92,97,111.0,236.0,192.0,144.0,95.0,71
98,105,79.0,341.0,349.0,243.0,244.0,71
121,72,122.0,323.0,312.0,202.0,240.0,71
92,105,73.0,253.0,244.0,161.0,139.0,71
93,68,105.0,266.0,229.0,173.0,161.0,71
82,95,102.0,326.0,399.0,244.0,304.0,71
87,72,78.0,122.0,1240.1169642857142,35.0,1008.7459821428572,72
77,80,86.0,518.0,1641.0,441.0,1008.7459821428572,72
90,114,82.0,703.0,517.0,613.0,403.0,72
113,134,77.0,307.0,480.0,194.0,346.0,72
93,138,97.0,312.0,451.0,219.0,313.0,72
119,116,54.0,164.0,755.0,45.0,639.0,72
102,131,88.0,178.0,384.0,76.0,253.0,72
120,80,113.0,200.0,509.0,80.0,429.0,72
114,121,78.0,467.0,490.0,353.0,369.0,72
105,104,45.0,323.0,660.0,218.0,556.0,72
115,107,110.0,233.0,246.0,118.0,139.0,72
95,72,90.0,156.0,192.0,61.0,120.0,72
92,57,45.0,127.0,611.0,35.0,554.0,72
109,81,72.0,170.0,207.0,61.0,126.0,72
104,58,72.0,173.0,212.0,69.0,154.0,72
114,88,81.0,184.0,267.0,70.0,179.0,72
86,90,73.0,182.0,611.0,96.0,521.0,72
112,71,89.0,201.0,305.0,89.0,234.0,72
110,83,89.0,197.0,208.0,87.0,125.0,72
108,86,72.0,195.0,225.0,87.0,139.0,72
57,76,96.0,1046.3651785714287,1073.0,816.4660714285715,997.0,73
81,70,92.0,957.0,778.0,876.0,708.0,73
68,66,68.0,645.0,1240.1169642857142,577.0,1008.7459821428572,73
74,66,81.0,643.0,783.0,569.0,717.0,73
80,76,100.0,523.0,412.0,443.0,336.0,73
81,59,70.0,673.0,680.0,592.0,621.0,73
84,84,91.0,676.0,620.0,592.0,536.0,73
74,66,75.0,651.0,1240.1169642857142,577.0,1008.7459821428572,73
83,79,102.0,917.0,640.0,834.0,561.0,73
81,92,98.0,508.0,456.0,427.0,364.0,73
61,89,89.0,589.0,593.0,528.0,504.0,73
90,90,79.0,644.0,513.0,554.0,423.0,73
72,57,81.0,682.0,793.0,610.0,736.0,73
81,85,116.0,589.0,497.0,508.0,412.0,73
100,66,92.0,717.0,544.0,617.0,478.0,73
89,75,83.0,1093.0,569.0,1004.0,494.0,73
97,84,93.0,748.0,551.0,651.0,467.0,73
101,91,90.0,654.0,626.0,553.0,535.0,73
66,82,106.0,667.0,577.0,601.0,495.0,73
115,101,113.0,576.0,359.0,461.0,258.0,73
115,126,86.0,736.0,825.0,621.0,699.0,74
107,89,80.0,541.0,489.0,434.0,400.0,74
129,94,89.0,520.0,557.0,391.0,463.0,74
114,87,85.0,460.0,504.0,346.0,417.0,74
95,74,68.0,583.0,500.0,488.0,426.0,74
82,98,70.0,423.0,471.0,341.0,373.0,74
98,71,76.0,343.0,395.0,245.0,324.0,74
97,97,73.0,343.0,410.0,246.0,313.0,74
80,86,75.0,385.0,420.0,305.0,334.0,74
78,90,67.0,274.0,390.0,196.0,300.0,74
107,80,78.0,461.0,414.0,354.0,334.0,74
93,83,89.0,456.0,419.0,363.0,336.0,74
123,85,82.0,349.0,465.0,226.0,380.0,74
96,98,77.0,368.0,402.0,272.0,304.0,74
85,103,79.0,327.0,434.0,242.0,331.0,74
93,109,87.0,305.0,403.0,212.0,294.0,74
97,106,79.0,319.0,410.0,222.0,304.0,74
96,107,86.0,316.0,405.0,220.0,298.0,74
84,125,84.0,302.0,460.0,218.0,335.0,74
104,94,73.0,398.0,411.0,294.0,317.0,74
88,95,70.0,451.0,475.0,363.0,380.0,75
76,81,87.0,277.0,269.0,201.0,188.0,75
71,75,53.0,246.0,398.0,175.0,323.0,75
82,77,33.0,296.0,300.0,214.0,223.0,75
73,60,92.0,764.0,285.0,691.0,225.0,75
59,82,63.0,269.0,260.0,210.0,178.0,75
72,77,83.0,478.0,320.0,406.0,243.0,75
96,79,69.0,267.0,235.0,171.0,156.0,75
117,72,68.0,321.0,247.0,204.0,175.0,75
51,114,81.0,245.0,301.0,194.0,187.0,75
82,80,79.0,294.0,284.0,212.0,204.0,75
48,66,74.0,291.0,276.0,243.0,210.0,75
57,71,87.0,277.0,243.0,220.0,172.0,75
60,72,31.0,246.0,409.0,186.0,337.0,75
58,78,70.0,251.0,225.0,193.0,147.0,75
46,63,78.0,249.0,220.0,203.0,157.0,75
54,79,92.0,218.0,219.0,164.0,140.0,75
48,62,50.0,270.0,264.0,222.0,202.0,75
55,65,77.0,266.0,230.0,211.0,165.0,75
49,70,70.0,229.0,234.0,180.0,164.0,75
79,70,69.0,216.0,1435.0,137.0,1008.7459821428572,76
96,86,88.0,191.0,725.0,95.0,639.0,76
104,62,85.0,283.0,1294.0,179.0,1232.0,76
83,65,79.0,161.0,745.0,78.0,680.0,76
113,71,71.0,307.0,968.0,194.0,897.0,76
87,96,86.0,583.0,959.0,496.0,863.0,76
88,87,69.0,175.0,970.0,87.0,883.0,76
71,78,71.0,174.0,1058.0,103.0,980.0,76
80,45,71.0,234.0,266.0,154.0,221.0,76
148,82,55.0,306.0,225.0,158.0,143.0,76
85,74,96.0,162.0,159.0,77.0,85.0,76
94,80,87.0,414.0,719.0,320.0,639.0,76
81,71,78.0,259.0,527.0,178.0,456.0,76
107,89,87.0,391.0,451.0,284.0,362.0,76
87,47,88.0,350.0,525.0,263.0,478.0,76
81,62,72.0,209.0,466.0,128.0,404.0,76
79,71,116.0,232.0,533.0,153.0,462.0,76
107,46,106.0,326.0,357.0,219.0,311.0,76
95,54,107.0,416.0,291.0,321.0,237.0,76
96,72,116.0,241.0,383.0,145.0,311.0,76
36,48,99.0,1046.3651785714287,508.0,816.4660714285715,460.0,77
71,73,88.0,641.0,1361.0,570.0,1288.0,77
80,91,88.0,346.0,1240.1169642857142,266.0,1008.7459821428572,77
90,90,82.0,476.0,984.0,386.0,894.0,77
98,64,73.0,550.0,859.0,452.0,795.0,77
96,81,80.0,482.0,851.0,386.0,770.0,77
98,82,72.0,316.0,911.0,218.0,829.0,77
94,69,78.0,241.0,709.0,147.0,640.0,77
89,88,78.0,250.0,984.0,161.0,896.0,77
79,78,79.0,389.0,1517.0,310.0,1008.7459821428572,77
78,53,61.0,641.0,1644.0,563.0,1008.7459821428572,77
108,83,88.0,299.0,671.0,191.0,588.0,77
78,87,80.0,259.0,457.0,181.0,370.0,77
84,97,73.0,955.0,1240.1169642857142,871.0,1008.7459821428572,77
87,81,97.0,313.0,1240.1169642857142,226.0,1008.7459821428572,77
55,90,80.0,281.0,343.0,226.0,253.0,77
74,89,98.0,318.0,308.0,244.0,219.0,77
79,80,91.0,224.0,273.0,145.0,193.0,77
55,86,90.0,218.0,288.0,163.0,202.0,77
80,73,97.0,248.0,267.0,168.0,194.0,77
46,78,38.0,319.0,859.0,273.0,781.0,78
50,52,71.0,295.0,719.0,245.0,667.0,78
37,48,71.0,307.0,781.0,270.0,733.0,78
46,63,67.0,217.0,965.0,171.0,902.0,78
47,52,66.0,246.0,470.0,199.0,418.0,78
49,62,67.0,234.0,566.0,185.0,504.0,78
49,51,67.0,282.0,972.0,233.0,921.0,78
36,21,72.0,314.0,450.0,278.0,429.0,78
64,53,70.0,314.0,400.0,250.0,347.0,78
48,48,52.0,265.0,431.0,217.0,383.0,78
43,39,64.0,268.0,1061.0,225.0,1022.0,78
50,38,62.0,462.0,855.0,412.0,817.0,78
51,48,68.0,305.0,398.0,254.0,350.0,78
48,48,51.0,282.0,1099.0,234.0,1051.0,78
79,50,49.0,298.0,568.0,219.0,518.0,78
53,49,50.0,255.0,517.0,202.0,468.0,78
36,49,52.0,284.0,483.0,248.0,434.0,78
47,36,35.0,279.0,533.0,232.0,497.0,78
63,47,39.0,284.0,494.0,221.0,447.0,78
49,51,69.0,248.0,369.0,199.0,318.0,78
87,66,66.0,1377.0,1033.0,816.4660714285715,967.0,79
80,78,94.0,517.0,717.0,437.0,639.0,79
144,79,129.0,614.0,600.0,470.0,521.0,79
78,45,111.0,616.0,534.0,538.0,489.0,79
66,64,26.0,400.0,401.0,334.0,337.0,79
95,64,66.0,299.0,333.0,204.0,269.0,79
94,79,45.0,283.0,317.0,189.0,238.0,79
65,64,95.0,271.0,1240.1169642857142,206.0,1008.7459821428572,79
45,77,45.0,234.0,316.0,189.0,239.0,79
65,45,45.0,266.0,317.0,201.0,272.0,79
79,64,66.0,267.0,283.0,188.0,219.0,79
66,45,66.0,300.0,300.0,234.0,255.0,79
65,45,65.0,250.0,283.0,185.0,238.0,79
27,27,45.0,800.0,350.0,773.0,323.0,79
27,45,47.0,283.0,263.0,256.0,218.0,79
46,28,78.0,283.0,234.0,237.0,206.0,79
78,28,82.0,300.0,281.0,222.0,253.0,79
79,45,78.0,584.0,401.0,505.0,356.0,79
65,45,43.0,250.0,283.0,185.0,238.0,79
96,45,45.0,834.0,266.0,738.0,221.0,79
73,85,95.0,232.0,953.0,159.0,868.0,80
136,103,100.0,953.0,215.0,817.0,112.0,80
80,81,96.0,168.0,231.0,88.0,150.0,80
99,99,107.0,180.0,237.0,81.0,138.0,80
97,111,86.0,211.0,363.0,114.0,252.0,80
93,120,127.0,150.0,233.0,57.0,113.0,80
111,84,73.0,262.0,213.0,151.0,129.0,80
92,113,100.0,172.0,202.0,80.0,89.0,80
110,97,98.0,226.0,211.0,116.0,114.0,80
77,82,65.0,226.0,211.0,149.0,129.0,80
105,109,113.0,184.0,201.0,79.0,92.0,80
88,109,104.0,179.0,468.0,91.0,359.0,80
90,121,108.0,205.0,293.0,115.0,172.0,80
92,105,100.0,245.0,207.0,153.0,102.0,80
82,121,120.0,161.0,214.0,79.0,93.0,80
75,95,110.0,205.0,202.0,130.0,107.0,80
101,98,98.0,204.0,200.0,103.0,102.0,80
82,121,106.0,184.0,199.0,102.0,78.0,80
79,102,113.0,161.0,200.0,82.0,98.0,80
107,114,99.0,162.0,205.0,55.0,91.0,80
68,74,81.0,427.0,437.0,359.0,363.0,81
89,89,65.0,388.0,745.0,299.0,656.0,81
73,74,48.0,353.0,523.0,280.0,449.0,81
64,82,90.0,248.0,330.0,184.0,248.0,81
64,74,72.0,342.0,422.0,278.0,348.0,81
90,74,90.0,270.0,370.0,180.0,296.0,81
65,82,82.0,213.0,609.0,148.0,527.0,81
81,82,81.0,263.0,388.0,182.0,306.0,81
79,75,74.0,200.0,262.0,121.0,187.0,81
82,74,57.0,221.0,303.0,139.0,229.0,81
73,74,56.0,203.0,287.0,130.0,213.0,81
65,65,66.0,246.0,253.0,181.0,188.0,81
73,74,66.0,212.0,278.0,139.0,204.0,81
73,83,57.0,170.0,312.0,97.0,229.0,81
90,91,73.0,236.0,455.0,146.0,364.0,81
82,83,65.0,213.0,330.0,131.0,247.0,81
64,65,66.0,239.0,251.0,175.0,186.0,81
82,74,66.0,196.0,294.0,114.0,220.0,81
99,65,56.0,271.0,362.0,172.0,297.0,81
90,32,48.0,262.0,320.0,172.0,288.0,81
113,54,78.0,1111.0,1240.1169642857142,998.0,1008.7459821428572,82
86,65,62.0,156.0,567.0,70.0,502.0,82
95,99,71.0,123.0,640.0,28.0,541.0,82
102,70,75.0,130.0,249.0,28.0,179.0,82
87,81,61.0,145.0,655.0,58.0,574.0,82
91,65,79.0,704.0,890.0,613.0,825.0,82
71,63,70.0,663.0,1084.0,592.0,1021.0,82
87,74,65.0,239.0,218.0,152.0,144.0,82
98,88,63.0,210.0,234.0,112.0,146.0,82
86,79,82.0,149.0,233.0,63.0,154.0,82
91,66,65.0,161.0,219.0,70.0,153.0,82
89,86,56.0,119.0,224.0,30.0,138.0,82
82,72,51.0,110.0,208.0,28.0,136.0,82
109,65,72.0,146.0,201.0,37.0,136.0,82
89,74,70.0,175.0,676.0,86.0,602.0,82
94,73,56.0,163.0,227.0,69.0,154.0,82
109,76,72.0,116.0,220.0,7.0,144.0,82
83,90,73.0,91.0,218.0,8.0,128.0,82
96,72,48.0,157.0,218.0,61.0,146.0,82
97,54,62.0,267.0,1040.0,170.0,986.0,82
87,92,99.0,233.0,307.0,146.0,215.0,83
92,69,66.0,121.0,424.0,29.0,355.0,83
73,67,91.0,427.0,380.0,354.0,313.0,83
58,67,92.0,215.0,437.0,157.0,370.0,83
69,75,57.0,198.0,678.0,129.0,603.0,83
95,77,59.0,422.0,389.0,327.0,312.0,83
83,84,56.0,354.0,324.0,271.0,240.0,83
75,57,52.0,644.0,376.0,569.0,319.0,83
60,63,78.0,89.0,206.0,29.0,143.0,83
60,74,62.0,83.0,337.0,23.0,263.0,83
90,49,57.0,103.0,215.0,13.0,166.0,83
110,78,82.0,129.0,277.0,19.0,199.0,83
84,74,43.0,184.0,351.0,100.0,277.0,83
84,82,66.0,215.0,231.0,131.0,149.0,83
75,63,83.0,407.0,185.0,332.0,122.0,83
73,75,39.0,220.0,225.0,147.0,150.0,83
75,62,78.0,164.0,182.0,89.0,120.0,83
77,62,61.0,138.0,192.0,61.0,130.0,83
50,71,76.0,127.0,185.0,77.0,114.0,83
64,74,75.0,106.0,196.0,42.0,122.0,83
157,166,145.0,782.0,1240.1169642857142,625.0,1008.7459821428572,84
131,133,149.0,731.0,626.0,600.0,493.0,84
164,175,141.0,763.0,726.0,599.0,551.0,84
139,157,130.0,691.0,1272.0,552.0,1115.0,84
89,118,114.0,573.0,539.0,484.0,421.0,84
115,140,124.0,692.0,783.0,577.0,643.0,84
93,123,115.0,580.0,723.0,487.0,600.0,84
93,115,127.0,578.0,607.0,485.0,492.0,84
76,75,117.0,577.0,593.0,501.0,518.0,84
74,91,90.0,511.0,520.0,437.0,429.0,84
98,102,159.0,695.0,602.0,597.0,500.0,84
108,117,112.0,574.0,426.0,466.0,309.0,84
121,114,134.0,518.0,393.0,397.0,279.0,84
108,116,106.0,502.0,546.0,394.0,430.0,84
135,117,102.0,529.0,436.0,394.0,319.0,84
139,98,73.0,568.0,955.0,429.0,857.0,84
75,99,81.0,479.0,472.0,404.0,373.0,84
78,66,133.0,482.0,404.0,404.0,338.0,84
82,90,101.0,478.0,485.0,396.0,395.0,84
85,91,176.0,496.0,369.0,411.0,278.0,84
73,87,66.0,655.0,526.0,582.0,439.0,85
79,75,56.0,470.0,515.0,391.0,440.0,85
79,69,76.0,288.0,329.0,209.0,260.0,85
66,78,60.0,182.0,243.0,116.0,165.0,85
65,65,69.0,216.0,198.0,151.0,133.0,85
64,67,64.0,216.0,198.0,152.0,131.0,85
48,62,79.0,293.0,185.0,245.0,123.0,85
32,51,92.0,257.0,150.0,225.0,99.0,85
58,59,63.0,249.0,190.0,191.0,131.0,85
48,82,69.0,216.0,205.0,168.0,123.0,85
56,67,73.0,255.0,204.0,199.0,137.0,85
60,64,81.0,247.0,179.0,187.0,115.0,85
69,76,71.0,267.0,200.0,198.0,124.0,85
65,70,58.0,258.0,194.0,193.0,124.0,85
52,70,54.0,372.0,192.0,320.0,122.0,85
42,74,71.0,249.0,181.0,207.0,107.0,85
57,86,70.0,187.0,187.0,130.0,101.0,85
48,61,73.0,162.0,169.0,114.0,108.0,85
62,77,71.0,185.0,177.0,123.0,100.0,85
65,60,77.0,153.0,145.0,88.0,85.0,85
68,94,98.0,184.0,234.0,116.0,140.0,86
97,96,114.0,527.0,373.0,430.0,277.0,86
97,99,132.0,324.0,281.0,227.0,182.0,86
81,80,98.0,324.0,202.0,243.0,122.0,86
73,90,92.0,171.0,273.0,98.0,183.0,86
89,90,115.0,248.0,610.0,159.0,520.0,86
96,116,98.0,172.0,207.0,76.0,91.0,86
62,71,82.0,667.0,466.0,605.0,395.0,86
82,65,91.0,172.0,181.0,90.0,116.0,86
73,67,105.0,181.0,208.0,108.0,141.0,86
81,90,99.0,172.0,148.0,91.0,58.0,86
80,82,109.0,171.0,122.0,91.0,40.0,86
81,82,80.0,163.0,190.0,82.0,108.0,86
71,81,83.0,162.0,333.0,91.0,252.0,86
90,90,99.0,172.0,173.0,82.0,83.0,86
73,74,57.0,315.0,277.0,242.0,203.0,86
73,65,73.0,214.0,208.0,141.0,143.0,86
61,58,72.0,169.0,166.0,108.0,108.0,86
71,88,72.0,182.0,180.0,111.0,92.0,86
73,82,90.0,164.0,190.0,91.0,108.0,86
24,79,87.0,238.0,740.0,214.0,661.0,87
67,69,70.0,782.0,356.0,715.0,287.0,87
70,52,80.0,200.0,199.0,130.0,147.0,87
61,38,71.0,133.0,159.0,72.0,121.0,87
77,54,62.0,224.0,253.0,147.0,199.0,87
71,61,78.0,411.0,817.0,340.0,756.0,87
71,47,69.0,155.0,474.0,84.0,427.0,87
70,60,61.0,629.0,241.0,559.0,181.0,87
71,82,54.0,163.0,621.0,92.0,539.0,87
76,37,43.0,553.0,412.0,477.0,375.0,87
66,54,72.0,612.0,435.0,546.0,381.0,87
77,46,60.0,153.0,162.0,76.0,116.0,87
71,64,54.0,162.0,158.0,91.0,94.0,87
61,37,51.0,155.0,525.0,94.0,488.0,87
54,36,51.0,129.0,186.0,75.0,150.0,87
52,56,54.0,565.0,164.0,513.0,108.0,87
53,54,55.0,131.0,191.0,78.0,137.0,87
69,55,63.0,162.0,184.0,93.0,129.0,87
52,31,71.0,164.0,236.0,112.0,205.0,87
58,51,82.0,600.0,226.0,542.0,175.0,87
108,67,73.0,372.0,1240.1169642857142,264.0,1008.7459821428572,88
90,75,112.0,836.0,267.0,746.0,192.0,88
90,63,78.0,995.0,687.0,905.0,624.0,88
73,42,77.0,403.0,589.0,330.0,547.0,88
75,68,78.0,314.0,1240.1169642857142,239.0,1008.7459821428572,88
69,72,74.0,327.0,513.0,258.0,441.0,88
51,54,76.0,559.0,723.0,508.0,669.0,88
71,63,92.0,523.0,968.0,452.0,905.0,88
84,70,64.0,505.0,552.0,421.0,482.0,88
67,79,81.0,628.0,626.0,561.0,547.0,88
63,58,68.0,417.0,879.0,354.0,821.0,88
80,63,75.0,402.0,755.0,322.0,692.0,88
74,52,57.0,442.0,629.0,368.0,577.0,88
83,45,46.0,563.0,451.0,480.0,406.0,88
35,43,64.0,528.0,1104.0,493.0,1061.0,88
68,58,72.0,639.0,397.0,571.0,339.0,88
72,62,69.0,494.0,329.0,422.0,267.0,88
49,54,82.0,517.0,373.0,468.0,319.0,88
61,51,67.0,513.0,279.0,452.0,228.0,88
87,65,87.0,478.0,522.0,391.0,457.0,88
49,84,69.0,521.0,707.0,472.0,623.0,89
77,86,70.0,639.0,1485.0,562.0,1008.7459821428572,89
81,83,87.0,664.0,1339.0,583.0,1256.0,89
67,65,78.0,583.0,714.0,516.0,649.0,89
46,77,75.0,524.0,572.0,478.0,495.0,89
94,72,76.0,555.0,757.0,461.0,685.0,89
77,95,92.0,700.0,679.0,623.0,584.0,89
77,103,77.0,717.0,866.0,640.0,763.0,89
60,74,87.0,1046.3651785714287,1240.1169642857142,816.4660714285715,1008.7459821428572,89
83,67,105.0,640.0,648.0,557.0,581.0,89
73,81,73.0,444.0,500.0,371.0,419.0,89
68,84,82.0,813.0,569.0,745.0,485.0,89
77,77,77.0,509.0,551.0,432.0,474.0,89
70,78,87.0,499.0,490.0,429.0,412.0,89
66,67,91.0,498.0,521.0,432.0,454.0,89
82,53,75.0,471.0,529.0,389.0,476.0,89
74,92,82.0,433.0,486.0,359.0,394.0,89
72,72,81.0,451.0,595.0,379.0,523.0,89
84,70,86.0,438.0,484.0,354.0,414.0,89
66,68,80.0,413.0,467.0,347.0,399.0,89
58,45,60.0,249.0,530.0,191.0,485.0,90
74,54,70.0,340.0,514.0,266.0,460.0,90
48,82,73.0,176.0,266.0,128.0,184.0,90
63,60,72.0,160.0,164.0,97.0,104.0,90
31,48,62.0,186.0,160.0,155.0,112.0,90
59,78,54.0,153.0,202.0,94.0,124.0,90
50,43,78.0,159.0,145.0,109.0,102.0,90
62,71,70.0,192.0,222.0,130.0,151.0,90
45,45,96.0,139.0,153.0,94.0,108.0,90
81,47,33.0,167.0,327.0,86.0,280.0,90
78,44,64.0,189.0,201.0,111.0,157.0,90
70,70,67.0,133.0,174.0,63.0,104.0,90
69,41,51.0,137.0,197.0,68.0,156.0,90
63,44,86.0,163.0,142.0,100.0,98.0,90
85,56,69.0,155.0,170.0,70.0,114.0,90
48,60,63.0,171.0,220.0,123.0,160.0,90
58,55,75.0,156.0,280.0,98.0,225.0,90
69,61,95.0,135.0,155.0,66.0,94.0,90
62,46,74.0,143.0,131.0,81.0,85.0,90
37,44,46.0,164.0,174.0,127.0,130.0,90
44,61,70.0,817.0,1240.1169642857142,773.0,1008.7459821428572,91
45,68,64.0,560.0,1223.0,515.0,1155.0,91
46,52,65.0,450.0,716.0,404.0,664.0,91
54,54,78.0,367.0,1233.0,313.0,1179.0,91
54,46,64.0,517.0,1209.0,463.0,1163.0,91
53,46,45.0,382.0,268.0,329.0,222.0,91
45,45,46.0,266.0,274.0,221.0,229.0,91
64,62,51.0,259.0,218.0,195.0,156.0,91
53,64,46.0,232.0,200.0,179.0,136.0,91
45,53,53.0,217.0,183.0,172.0,130.0,91
54,47,64.0,249.0,184.0,195.0,137.0,91
59,70,43.0,225.0,201.0,166.0,131.0,91
54,45,46.0,241.0,192.0,187.0,147.0,91
65,55,53.0,249.0,276.0,184.0,221.0,91
44,54,53.0,232.0,183.0,188.0,129.0,91
64,63,52.0,249.0,318.0,185.0,255.0,91
44,45,69.0,282.0,200.0,238.0,155.0,91
46,56,54.0,258.0,208.0,212.0,152.0,91
54,64,54.0,283.0,225.0,229.0,161.0,91
54,54,45.0,249.0,209.0,195.0,155.0,91
79,130,125.0,121.0,361.0,42.0,231.0,92
67,101,105.0,122.0,286.0,55.0,185.0,92
78,105,107.0,346.0,277.0,268.0,172.0,92
91,103,109.0,134.0,298.0,43.0,195.0,92
79,118,105.0,139.0,279.0,60.0,161.0,92
73,93,111.0,139.0,255.0,66.0,162.0,92
81,91,98.0,105.0,240.0,24.0,149.0,92
88,80,97.0,106.0,241.0,18.0,161.0,92
77,98,112.0,121.0,302.0,44.0,204.0,92
82,95,87.0,95.0,247.0,13.0,152.0,92
80,100,98.0,98.0,265.0,18.0,165.0,92
60,94,104.0,119.0,446.0,59.0,352.0,92
71,93,91.0,153.0,536.0,82.0,443.0,92
91,121,104.0,146.0,381.0,55.0,260.0,92
98,119,94.0,197.0,433.0,99.0,314.0,92
98,103,105.0,133.0,290.0,35.0,187.0,92
108,110,102.0,142.0,307.0,34.0,197.0,92
89,111,118.0,115.0,264.0,26.0,153.0,92
122,116,86.0,145.0,300.0,23.0,184.0,92
121,116,96.0,125.0,466.0,4.0,350.0,92
81,86,78.0,1081.0,1240.1169642857142,1000.0,1008.7459821428572,93
91,94,82.0,1046.3651785714287,1092.0,816.4660714285715,998.0,93
50,47,48.0,1046.3651785714287,1240.1169642857142,816.4660714285715,1008.7459821428572,93
68,73,56.0,1046.3651785714287,726.0,816.4660714285715,653.0,93
91,102,111.0,757.0,804.0,666.0,702.0,93
67,50,48.0,560.0,562.0,493.0,512.0,93
85,82,63.0,697.0,1515.0,612.0,1008.7459821428572,93
65,75,77.0,686.0,1240.1169642857142,621.0,1008.7459821428572,93
93,72,60.0,799.0,667.0,706.0,595.0,93
75,69,62.0,687.0,632.0,612.0,563.0,93
58,75,74.0,628.0,1381.0,570.0,1306.0,93
85,71,73.0,667.0,1240.1169642857142,582.0,1008.7459821428572,93
69,75,47.0,1234.0,538.0,816.4660714285715,463.0,93
101,78,80.0,515.0,592.0,414.0,514.0,93
85,83,72.0,578.0,522.0,493.0,439.0,93
74,114,68.0,562.0,1384.0,488.0,1270.0,93
87,69,75.0,1046.3651785714287,562.0,816.4660714285715,493.0,93
53,78,85.0,1011.0,536.0,958.0,458.0,93
73,85,94.0,455.0,478.0,382.0,393.0,93
75,66,1.0,560.0,1168.0,485.0,1102.0,93
59,63,96.0,541.0,801.0,482.0,738.0,94
53,64,104.0,180.0,197.0,127.0,133.0,94
55,55,94.0,180.0,198.0,125.0,143.0,94
54,88,96.0,180.0,213.0,126.0,125.0,94
78,62,97.0,179.0,204.0,101.0,142.0,94
79,71,80.0,221.0,720.0,142.0,649.0,94
62,75,95.0,226.0,849.0,164.0,774.0,94
72,78,46.0,235.0,417.0,163.0,339.0,94
63,72,87.0,198.0,222.0,135.0,150.0,94
68,95,104.0,220.0,238.0,152.0,143.0,94
38,63,106.0,228.0,272.0,190.0,209.0,94
62,60,95.0,240.0,236.0,178.0,176.0,94
79,123,106.0,230.0,205.0,151.0,82.0,94
78,103,105.0,239.0,229.0,161.0,126.0,94
96,95,89.0,248.0,228.0,152.0,133.0,94
87,97,88.0,205.0,297.0,118.0,200.0,94
95,63,88.0,221.0,163.0,126.0,100.0,94
81,80,96.0,179.0,189.0,98.0,109.0,94
89,81,116.0,181.0,163.0,92.0,82.0,94
70,72,88.0,155.0,146.0,85.0,74.0,94
80,72,77.0,179.0,211.0,99.0,139.0,95
123,75,69.0,142.0,747.0,19.0,672.0,95
88,99,92.0,139.0,409.0,51.0,310.0,95
89,91,71.0,170.0,239.0,81.0,148.0,95
90,114,87.0,134.0,163.0,44.0,49.0,95
86,63,78.0,134.0,118.0,48.0,55.0,95
87,77,58.0,116.0,135.0,29.0,58.0,95
114,60,79.0,122.0,92.0,8.0,32.0,95
83,69,63.0,113.0,126.0,30.0,57.0,95
94,91,66.0,129.0,138.0,35.0,47.0,95
115,56,63.0,148.0,103.0,33.0,47.0,95
104,62,58.0,127.0,129.0,23.0,67.0,95
83,95,60.0,150.0,121.0,67.0,26.0,95
94,78,72.0,123.0,122.0,29.0,44.0,95
74,93,78.0,101.0,157.0,27.0,64.0,95
97,65,94.0,129.0,128.0,32.0,63.0,95
107,98,74.0,148.0,151.0,41.0,53.0,95
68,99,64.0,123.0,135.0,55.0,36.0,95
99,86,79.0,114.0,127.0,15.0,41.0,95
85,98,71.0,133.0,131.0,48.0,33.0,95
1,24,17.0,763.0,885.0,762.0,861.0,96
6,3,8.0,605.0,571.0,599.0,568.0,96
4,5,4.0,489.0,577.0,485.0,572.0,96
8,12,5.0,835.0,569.0,827.0,557.0,96
8,9,7.0,501.0,576.0,493.0,567.0,96
17,13,10.0,393.0,476.0,376.0,463.0,96
11,1,12.0,369.0,426.0,358.0,425.0,96
10,4,1.0,455.0,409.0,445.0,405.0,96
9,8,12.0,360.0,348.0,351.0,340.0,96
6,7,12.0,335.0,558.0,329.0,551.0,96
10,15,12.0,375.0,591.0,365.0,576.0,96
6,10,10.0,591.0,711.0,585.0,701.0,96
7,6,3.0,320.0,654.0,313.0,648.0,96
8,2,2.0,359.0,580.0,351.0,578.0,96
4,7,5.0,367.0,552.0,363.0,545.0,96
7,7,16.0,346.0,584.0,339.0,577.0,96
5,13,12.0,363.0,443.0,358.0,430.0,96
3,19,1.0,386.0,402.0,383.0,383.0,96
7,5,3.0,523.0,557.0,516.0,552.0,96
7,8,13.0,454.0,350.0,447.0,342.0,96
41,60,69.0,271.0,415.0,230.0,355.0,97
57,51,59.0,231.0,441.0,174.0,390.0,97
50,58,50.0,233.0,401.0,183.0,343.0,97
59,60,59.0,216.0,367.0,157.0,307.0,97
52,69,68.0,234.0,292.0,182.0,223.0,97
76,62,77.0,263.0,359.0,187.0,297.0,97
42,58,68.0,391.0,323.0,349.0,265.0,97
50,60,67.0,248.0,367.0,198.0,307.0,97
66,68,57.0,274.0,311.0,208.0,243.0,97
66,61,50.0,240.0,269.0,174.0,208.0,97
51,66,77.0,234.0,289.0,183.0,223.0,97
42,58,59.0,218.0,241.0,176.0,183.0,97
62,69,69.0,224.0,258.0,162.0,189.0,97
49,59,68.0,208.0,224.0,159.0,165.0,97
51,77,77.0,183.0,206.0,132.0,129.0,97
50,77,85.0,181.0,217.0,131.0,140.0,97
51,51,68.0,209.0,199.0,158.0,148.0,97
33,68,50.0,265.0,251.0,232.0,183.0,97
75,59,53.0,250.0,272.0,175.0,213.0,97
60,59,60.0,258.0,341.0,198.0,282.0,97
56,70,81.0,435.0,444.0,379.0,374.0,98
85,79,83.0,400.0,347.0,315.0,268.0,98
58,80,90.0,263.0,167.0,205.0,87.0,98
71,80,103.0,282.0,178.0,211.0,98.0,98
69,79,81.0,1046.3651785714287,129.0,816.4660714285715,50.0,98
70,77,79.0,1089.0,198.0,1019.0,121.0,98
73,69,90.0,388.0,257.0,315.0,188.0,98
72,87,96.0,848.0,171.0,776.0,84.0,98
62,69,80.0,1046.3651785714287,206.0,816.4660714285715,137.0,98
60,58,86.0,788.0,173.0,728.0,115.0,98
55,56,78.0,1008.0,187.0,953.0,131.0,98
74,79,89.0,322.0,183.0,248.0,104.0,98
81,97,71.0,313.0,402.0,232.0,305.0,98
61,70,69.0,400.0,185.0,339.0,115.0,98
52,80,82.0,246.0,134.0,194.0,54.0,98
74,89,73.0,286.0,192.0,212.0,103.0,98
57,76,77.0,280.0,227.0,223.0,151.0,98
67,103,77.0,249.0,503.0,182.0,400.0,98
69,64,72.0,301.0,158.0,232.0,94.0,98
52,69,52.0,274.0,167.0,222.0,98.0,98
60,60,43.0,244.0,232.0,184.0,172.0,99
70,78,73.0,291.0,428.0,221.0,350.0,99
81,40,41.0,285.0,267.0,204.0,227.0,99
71,67,58.0,214.0,218.0,143.0,151.0,99
81,67,65.0,247.0,228.0,166.0,161.0,99
74,61,56.0,240.0,456.0,166.0,395.0,99
82,52,57.0,248.0,246.0,166.0,194.0,99
91,37,63.0,280.0,216.0,189.0,179.0,99
65,58,47.0,243.0,264.0,178.0,206.0,99
71,52,69.0,423.0,301.0,352.0,249.0,99
93,58,57.0,228.0,216.0,135.0,158.0,99
74,50,67.0,241.0,227.0,167.0,177.0,99
60,58,47.0,227.0,254.0,167.0,196.0,99
64,56,55.0,251.0,244.0,187.0,188.0,99
92,45,29.0,275.0,242.0,183.0,197.0,99
77,18,47.0,258.0,249.0,181.0,231.0,99
77,41,68.0,267.0,249.0,190.0,208.0,99
80,48,59.0,310.0,295.0,230.0,247.0,99
81,43,67.0,240.0,202.0,159.0,159.0,99
65,51,36.0,230.0,396.0,165.0,345.0,99
36,30,45.0,608.0,544.0,572.0,514.0,100
34,57,46.0,413.0,424.0,379.0,367.0,100
51,50,65.0,320.0,317.0,269.0,267.0,100
44,32,60.0,365.0,346.0,321.0,314.0,100
54,53,61.0,343.0,299.0,289.0,246.0,100
36,54,80.0,333.0,325.0,297.0,271.0,100
29,56,70.0,298.0,313.0,269.0,257.0,100
55,36,71.0,346.0,307.0,291.0,271.0,100
29,51,53.0,352.0,351.0,323.0,300.0,100
57,89,46.0,269.0,286.0,212.0,197.0,100
54,54,70.0,262.0,226.0,208.0,172.0,100
37,75,70.0,231.0,246.0,194.0,171.0,100
36,45,72.0,325.0,232.0,289.0,187.0,100
35,47,70.0,342.0,259.0,307.0,212.0,100
40,60,85.0,373.0,317.0,333.0,257.0,100
20,39,89.0,343.0,276.0,323.0,237.0,100
27,63,90.0,359.0,257.0,332.0,194.0,100
30,37,80.0,321.0,232.0,291.0,195.0,100
31,54,88.0,328.0,259.0,297.0,205.0,100
37,39,87.0,342.0,268.0,305.0,229.0,100
88,94,102.0,792.0,1620.0,704.0,1008.7459821428572,101
74,99,120.0,945.0,941.0,871.0,842.0,101
102,109,135.0,1046.3651785714287,761.0,816.4660714285715,652.0,101
71,83,139.0,581.0,550.0,510.0,467.0,101
84,96,133.0,383.0,619.0,299.0,523.0,101
108,91,153.0,726.0,629.0,618.0,538.0,101
94,112,107.0,600.0,634.0,506.0,522.0,101
83,95,124.0,310.0,557.0,227.0,462.0,101
105,73,123.0,514.0,624.0,409.0,551.0,101
93,82,127.0,459.0,866.0,366.0,784.0,101
91,85,157.0,447.0,566.0,356.0,481.0,101
84,102,139.0,548.0,799.0,464.0,697.0,101
100,102,146.0,483.0,818.0,383.0,716.0,101
102,93,138.0,676.0,955.0,574.0,862.0,101
88,92,121.0,678.0,525.0,590.0,433.0,101
92,99,127.0,946.0,601.0,854.0,502.0,101
111,96,131.0,465.0,470.0,354.0,374.0,101
101,110,123.0,647.0,616.0,546.0,506.0,101
100,89,152.0,648.0,480.0,548.0,391.0,101
114,95,149.0,435.0,538.0,321.0,443.0,101
54,56,56.0,171.0,192.0,117.0,136.0,102
37,58,79.0,189.0,128.0,152.0,70.0,102
77,62,80.0,206.0,258.0,129.0,196.0,102
51,64,64.0,213.0,201.0,162.0,137.0,102
64,39,73.0,267.0,191.0,203.0,152.0,102
63,63,97.0,225.0,166.0,162.0,103.0,102
64,66,81.0,176.0,317.0,112.0,251.0,102
67,72,39.0,246.0,159.0,179.0,87.0,102
54,73,89.0,175.0,150.0,121.0,77.0,102
63,73,57.0,208.0,165.0,145.0,92.0,102
72,64,87.0,258.0,236.0,186.0,172.0,102
81,65,56.0,239.0,143.0,158.0,78.0,102
64,79,90.0,225.0,198.0,161.0,119.0,102
62,79,80.0,159.0,157.0,97.0,78.0,102
64,80,91.0,186.0,183.0,122.0,103.0,102
73,74,71.0,185.0,161.0,112.0,87.0,102
70,73,64.0,206.0,151.0,136.0,78.0,102
42,65,48.0,154.0,151.0,112.0,86.0,102
63,56,91.0,208.0,598.0,145.0,542.0,102
63,72,39.0,160.0,191.0,97.0,119.0,102
106,94,129.0,397.0,1240.1169642857142,291.0,1008.7459821428572,103
114,112,95.0,269.0,334.0,155.0,222.0,103
112,111,112.0,267.0,283.0,155.0,172.0,103
112,110,96.0,300.0,283.0,188.0,173.0,103
111,95,78.0,282.0,284.0,171.0,189.0,103
112,95,78.0,267.0,267.0,155.0,172.0,103
111,95,79.0,283.0,266.0,172.0,171.0,103
95,112,78.0,266.0,284.0,171.0,172.0,103
111,92,79.0,285.0,264.0,174.0,172.0,103
94,95,79.0,266.0,250.0,172.0,155.0,103
111,111,95.0,300.0,466.0,189.0,355.0,103
111,95,79.0,316.0,283.0,205.0,188.0,103
95,115,95.0,263.0,287.0,168.0,172.0,103
128,111,79.0,266.0,283.0,138.0,172.0,103
95,111,79.0,300.0,299.0,205.0,188.0,103
78,112,79.0,282.0,284.0,204.0,172.0,103
95,111,95.0,251.0,282.0,156.0,171.0,103
95,128,79.0,267.0,266.0,172.0,138.0,103
111,111,78.0,250.0,300.0,139.0,189.0,103
112,115,78.0,213.0,271.0,101.0,156.0,103
63,102,68.0,196.0,1240.1169642857142,133.0,1008.7459821428572,104
60,78,59.0,243.0,1128.0,183.0,1050.0,104
73,102,85.0,209.0,203.0,136.0,101.0,104
83,92,77.0,229.0,409.0,146.0,317.0,104
86,70,69.0,203.0,162.0,117.0,92.0,104
75,58,59.0,213.0,152.0,138.0,94.0,104
90,90,69.0,219.0,176.0,129.0,86.0,104
83,87,70.0,193.0,179.0,110.0,92.0,104
75,77,85.0,194.0,170.0,119.0,93.0,104
70,79,78.0,178.0,171.0,108.0,92.0,104
65,103,104.0,176.0,177.0,111.0,74.0,104
57,74,69.0,228.0,184.0,171.0,110.0,104
85,120,84.0,680.0,312.0,595.0,192.0,104
76,94,77.0,418.0,212.0,342.0,118.0,104
114,68,80.0,217.0,169.0,103.0,101.0,104
74,86,78.0,197.0,195.0,123.0,109.0,104
75,97,94.0,190.0,173.0,115.0,76.0,104
87,77,80.0,222.0,201.0,135.0,124.0,104
92,92,86.0,503.0,193.0,411.0,101.0,104
89,95,94.0,202.0,172.0,113.0,77.0,104
42,50,55.0,811.0,940.0,769.0,890.0,105
46,53,69.0,1123.0,719.0,1077.0,666.0,105
42,59,55.0,736.0,414.0,694.0,355.0,105
47,51,54.0,539.0,365.0,492.0,314.0,105
55,62,54.0,579.0,602.0,524.0,540.0,105
40,51,54.0,591.0,398.0,551.0,347.0,105
51,52,49.0,600.0,520.0,549.0,468.0,105
52,54,54.0,540.0,619.0,488.0,565.0,105
60,67,54.0,620.0,431.0,560.0,364.0,105
52,53,54.0,668.0,550.0,616.0,497.0,105
54,51,61.0,638.0,382.0,584.0,331.0,105
56,64,61.0,517.0,480.0,461.0,416.0,105
53,50,56.0,546.0,419.0,493.0,369.0,105
45,46,61.0,532.0,385.0,487.0,339.0,105
59,53,46.0,566.0,428.0,507.0,375.0,105
58,56,54.0,564.0,384.0,506.0,328.0,105
53,44,65.0,492.0,391.0,439.0,347.0,105
53,61,54.0,451.0,357.0,398.0,296.0,105
53,72,62.0,425.0,384.0,372.0,312.0,105
48,53,60.0,623.0,384.0,575.0,331.0,105
128,102,62.0,273.0,1176.0,145.0,1074.0,106
60,82,100.0,294.0,358.0,234.0,276.0,106
98,122,124.0,285.0,265.0,187.0,143.0,106
116,103,113.0,261.0,300.0,145.0,197.0,106
142,115,126.0,698.0,418.0,556.0,303.0,106
126,152,178.0,348.0,358.0,222.0,206.0,106
113,114,138.0,247.0,303.0,134.0,189.0,106
138,136,125.0,276.0,306.0,138.0,170.0,106
99,90,162.0,269.0,268.0,170.0,178.0,106
133,127,109.0,446.0,461.0,313.0,334.0,106
64,106,95.0,181.0,183.0,117.0,77.0,106
82,83,85.0,191.0,153.0,109.0,70.0,106
84,67,93.0,192.0,194.0,108.0,127.0,106
84,67,95.0,210.0,144.0,126.0,77.0,106
90,84,77.0,225.0,182.0,135.0,98.0,106
69,91,94.0,208.0,150.0,139.0,59.0,106
79,111,94.0,267.0,197.0,188.0,86.0,106
125,82,92.0,262.0,155.0,137.0,73.0,106
104,98,84.0,201.0,222.0,97.0,124.0,106
10,105,76.0,115.0,211.0,105.0,106.0,106
98,115,98.0,190.0,259.0,92.0,144.0,107
57,90,82.0,166.0,216.0,109.0,126.0,107
91,98,81.0,216.0,233.0,125.0,135.0,107
82,90,73.0,224.0,258.0,142.0,168.0,107
80,107,74.0,239.0,282.0,159.0,175.0,107
90,74,74.0,232.0,241.0,142.0,167.0,107
90,115,90.0,232.0,283.0,142.0,168.0,107
41,88,81.0,210.0,264.0,169.0,176.0,107
71,78,82.0,200.0,229.0,129.0,151.0,107
98,100,89.0,207.0,268.0,109.0,168.0,107
74,107,88.0,200.0,268.0,126.0,161.0,107
65,99,57.0,241.0,283.0,176.0,184.0,107
89,122,81.0,267.0,330.0,178.0,208.0,107
66,89,86.0,241.0,268.0,175.0,179.0,107
65,98,98.0,174.0,225.0,109.0,127.0,107
82,90,74.0,225.0,241.0,143.0,151.0,107
74,141,81.0,183.0,300.0,109.0,159.0,107
56,106,91.0,199.0,265.0,143.0,159.0,107
67,123,107.0,219.0,330.0,152.0,207.0,107
72,74,73.0,256.0,275.0,184.0,201.0,107
68,65,57.0,362.0,585.0,294.0,520.0,108
56,57,72.0,282.0,245.0,226.0,188.0,108
56,65,66.0,150.0,242.0,94.0,177.0,108
65,53,65.0,564.0,447.0,499.0,394.0,108
56,74,56.0,124.0,285.0,68.0,211.0,108
38,58,58.0,131.0,209.0,93.0,151.0,108
64,65,65.0,140.0,276.0,76.0,211.0,108
65,64,48.0,227.0,467.0,162.0,403.0,108
65,74,63.0,241.0,680.0,176.0,606.0,108
66,40,48.0,193.0,218.0,127.0,178.0,108
64,57,40.0,216.0,234.0,152.0,177.0,108
65,66,57.0,200.0,284.0,135.0,218.0,108
40,74,57.0,233.0,260.0,193.0,186.0,108
58,76,64.0,151.0,244.0,93.0,168.0,108
75,51,74.0,209.0,184.0,134.0,133.0,108
58,32,57.0,211.0,234.0,153.0,202.0,108
48,65,66.0,141.0,217.0,93.0,152.0,108
56,52,56.0,1046.3651785714287,213.0,816.4660714285715,161.0,108
65,45,56.0,989.0,190.0,924.0,145.0,108
57,65,74.0,175.0,200.0,118.0,135.0,108
128,106,98.0,404.0,625.0,276.0,519.0,109
123,89,82.0,241.0,398.0,118.0,309.0,109
106,83,81.0,364.0,367.0,258.0,284.0,109
108,72,50.0,209.0,273.0,101.0,201.0,109
91,91,91.0,283.0,300.0,192.0,209.0,109
106,82,80.0,182.0,260.0,76.0,178.0,109
73,101,81.0,175.0,325.0,102.0,224.0,109
108,73,74.0,393.0,291.0,285.0,218.0,109
82,92,81.0,274.0,343.0,192.0,251.0,109
107,79,56.0,234.0,290.0,127.0,211.0,109
96,80,74.0,232.0,298.0,136.0,218.0,109
99,80,90.0,210.0,275.0,111.0,195.0,109
116,64,91.0,261.0,257.0,145.0,193.0,109
99,64,80.0,244.0,292.0,145.0,228.0,109
88,64,82.0,233.0,299.0,145.0,235.0,109
126,74,75.0,218.0,500.0,92.0,426.0,109
66,74,72.0,275.0,252.0,209.0,178.0,109
83,74,74.0,268.0,283.0,185.0,209.0,109
89,63,74.0,259.0,264.0,170.0,201.0,109
97,73,65.0,415.0,400.0,318.0,327.0,109
86,58,77.0,312.0,316.0,226.0,258.0,110
95,97,70.0,265.0,530.0,170.0,433.0,110
104,89,86.0,275.0,336.0,171.0,247.0,110
103,80,95.0,317.0,312.0,214.0,232.0,110
96,80,89.0,275.0,276.0,179.0,196.0,110
89,81,83.0,253.0,290.0,164.0,209.0,110
88,74,90.0,247.0,277.0,159.0,203.0,110
101,76,83.0,260.0,260.0,159.0,184.0,110
94,89,80.0,264.0,269.0,170.0,180.0,110
116,88,83.0,270.0,307.0,154.0,219.0,110
103,81,91.0,275.0,267.0,172.0,186.0,110
76,60,57.0,258.0,280.0,182.0,220.0,110
98,73,56.0,235.0,259.0,137.0,186.0,110
88,87,92.0,234.0,254.0,146.0,167.0,110
79,77,101.0,252.0,245.0,173.0,168.0,110
87,96,95.0,226.0,262.0,139.0,166.0,110
95,98,88.0,224.0,246.0,129.0,148.0,110
73,81,87.0,211.0,237.0,138.0,156.0,110
69,86,64.0,191.0,285.0,122.0,199.0,110
65,81,92.0,195.0,241.0,130.0,160.0,110
90,90,73.0,584.0,560.0,494.0,470.0,111
72,89,89.0,425.0,376.0,353.0,287.0,111
73,58,90.0,426.0,309.0,353.0,251.0,111
81,73,89.0,392.0,317.0,311.0,244.0,111
73,65,90.0,392.0,284.0,319.0,219.0,111
89,81,90.0,359.0,275.0,270.0,194.0,111
64,74,90.0,291.0,267.0,227.0,193.0,111
97,39,82.0,350.0,250.0,253.0,211.0,111
22,64,82.0,351.0,266.0,329.0,202.0,111
81,57,72.0,450.0,335.0,369.0,278.0,111
72,48,81.0,358.0,259.0,286.0,211.0,111
81,57,97.0,358.0,243.0,277.0,186.0,111
48,73,91.0,333.0,267.0,285.0,194.0,111
72,64,91.0,342.0,258.0,270.0,194.0,111
72,49,97.0,333.0,235.0,261.0,186.0,111
72,57,89.0,300.0,234.0,228.0,177.0,111
64,56,81.0,301.0,250.0,237.0,194.0,111
65,64,65.0,326.0,250.0,261.0,186.0,111
81,56,88.0,342.0,227.0,261.0,171.0,111
89,72,88.0,326.0,234.0,237.0,162.0,111
101,80,88.0,614.0,1052.0,513.0,972.0,112
112,79,84.0,283.0,989.0,171.0,910.0,112
116,81,88.0,150.0,518.0,34.0,437.0,112
91,114,90.0,287.0,549.0,196.0,435.0,112
108,88,82.0,235.0,542.0,127.0,454.0,112
120,70,75.0,233.0,455.0,113.0,385.0,112
129,97,106.0,248.0,442.0,119.0,345.0,112
106,97,107.0,219.0,340.0,113.0,243.0,112
89,71,75.0,152.0,263.0,63.0,192.0,112
88,88,64.0,158.0,250.0,70.0,162.0,112
85,78,73.0,483.0,323.0,398.0,245.0,112
121,105,89.0,164.0,250.0,43.0,145.0,112
85,92,80.0,197.0,260.0,112.0,168.0,112
112,91,108.0,172.0,359.0,60.0,268.0,112
113,97,76.0,139.0,225.0,26.0,128.0,112
103,99,94.0,213.0,322.0,110.0,223.0,112
116,98,73.0,134.0,217.0,18.0,119.0,112
120,70,68.0,149.0,803.0,29.0,733.0,112
99,81,66.0,135.0,237.0,36.0,156.0,112
112,102,78.0,173.0,730.0,61.0,628.0,112
